grinning_face_with_big_eyes,https://emojipedia-us.s3.dualstack.us-west-1.amazonaws.com/thumbs/72/au-kddi/190/smiling-face-with-open-mouth_1f603.png
beaming_face_with_smiling_eyes,https://emojipedia-us.s3.dualstack.us-west-1.amazonaws.com/thumbs/72/au-kddi/190/grinning-face-with-smiling-eyes_1f601.png
face_with_tears_of_joy,https://emojipedia-us.s3.dualstack.us-west-1.amazonaws.com/thumbs/72/au-kddi/190/face-with-tears-of-joy_1f602.png
winking_face,https://emojipedia-us.s3.dualstack.us-west-1.amazonaws.com/thumbs/72/au-kddi/190/winking-face_1f609.png
smiling_face_with_smiling_eyes,https://emojipedia-us.s3.dualstack.us-west-1.amazonaws.com/thumbs/72/au-kddi/190/smiling-face-with-smiling-eyes_1f60a.png
smiling_face_with_heart_eyes,https://emojipedia-us.s3.dualstack.us-west-1.amazonaws.com/thumbs/72/au-kddi/190/smiling-face-with-heart-shaped-eyes_1f60d.png
face_blowing_a_kiss,https://emojipedia-us.s3.dualstack.us-west-1.amazonaws.com/thumbs/72/au-kddi/190/face-throwing-a-kiss_1f618.png
smiling_face,https://emojipedia-us.s3.dualstack.us-west-1.amazonaws.com/thumbs/72/au-kddi/190/white-smiling-face_263a.png
kissing_face_with_closed_eyes,https://emojipedia-us.s3.dualstack.us-west-1.amazonaws.com/thumbs/72/au-kddi/190/kissing-face-with-closed-eyes_1f61a.png
winking_face_with_tongue,https://emojipedia-us.s3.dualstack.us-west-1.amazonaws.com/thumbs/72/au-kddi/190/face-with-stuck-out-tongue-and-winking-eye_1f61c.png
smirking_face,https://emojipedia-us.s3.dualstack.us-west-1.amazonaws.com/thumbs/72/au-kddi/190/smirking-face_1f60f.png
unamused_face,https://emojipedia-us.s3.dualstack.us-west-1.amazonaws.com/thumbs/72/au-kddi/190/unamused-face_1f612.png
relieved_face,https://emojipedia-us.s3.dualstack.us-west-1.amazonaws.com/thumbs/72/au-kddi/190/relieved-face_1f60c.png
pensive_face,https://emojipedia-us.s3.dualstack.us-west-1.amazonaws.com/thumbs/72/au-kddi/190/pensive-face_1f614.png
sleepy_face,https://emojipedia-us.s3.dualstack.us-west-1.amazonaws.com/thumbs/72/au-kddi/190/sleepy-face_1f62a.png
face_with_medical_mask,https://emojipedia-us.s3.dualstack.us-west-1.amazonaws.com/thumbs/72/au-kddi/190/face-with-medical-mask_1f637.png
face_with_crossed_out_eyes,https://emojipedia-us.s3.dualstack.us-west-1.amazonaws.com/thumbs/72/au-kddi/190/dizzy-face_1f635.png
astonished_face,https://emojipedia-us.s3.dualstack.us-west-1.amazonaws.com/thumbs/72/au-kddi/190/astonished-face_1f632.png
flushed_face,https://emojipedia-us.s3.dualstack.us-west-1.amazonaws.com/thumbs/72/au-kddi/190/flushed-face_1f633.png
fearful_face,https://emojipedia-us.s3.dualstack.us-west-1.amazonaws.com/thumbs/72/au-kddi/190/fearful-face_1f628.png
anxious_face_with_sweat,https://emojipedia-us.s3.dualstack.us-west-1.amazonaws.com/thumbs/72/au-kddi/190/face-with-open-mouth-and-cold-sweat_1f630.png
crying_face,https://emojipedia-us.s3.dualstack.us-west-1.amazonaws.com/thumbs/72/au-kddi/190/crying-face_1f622.png
loudly_crying_face,https://emojipedia-us.s3.dualstack.us-west-1.amazonaws.com/thumbs/72/au-kddi/190/loudly-crying-face_1f62d.png
face_screaming_in_fear,https://emojipedia-us.s3.dualstack.us-west-1.amazonaws.com/thumbs/72/au-kddi/190/face-screaming-in-fear_1f631.png
confounded_face,https://emojipedia-us.s3.dualstack.us-west-1.amazonaws.com/thumbs/72/au-kddi/190/confounded-face_1f616.png
persevering_face,https://emojipedia-us.s3.dualstack.us-west-1.amazonaws.com/thumbs/72/au-kddi/190/persevering-face_1f623.png
downcast_face_with_sweat,https://emojipedia-us.s3.dualstack.us-west-1.amazonaws.com/thumbs/72/au-kddi/190/face-with-cold-sweat_1f613.png
weary_face,https://emojipedia-us.s3.dualstack.us-west-1.amazonaws.com/thumbs/72/au-kddi/190/weary-face_1f629.png
tired_face,https://emojipedia-us.s3.dualstack.us-west-1.amazonaws.com/thumbs/72/au-kddi/190/tired-face_1f62b.png
face_with_steam_from_nose,https://emojipedia-us.s3.dualstack.us-west-1.amazonaws.com/thumbs/72/au-kddi/190/face-with-look-of-triumph_1f624.png
enraged_face,https://emojipedia-us.s3.dualstack.us-west-1.amazonaws.com/thumbs/72/au-kddi/190/pouting-face_1f621.png
angry_face,https://emojipedia-us.s3.dualstack.us-west-1.amazonaws.com/thumbs/72/au-kddi/190/angry-face_1f620.png
angry_face_with_horns,https://emojipedia-us.s3.dualstack.us-west-1.amazonaws.com/thumbs/72/au-kddi/190/imp_1f47f.png
skull,https://emojipedia-us.s3.dualstack.us-west-1.amazonaws.com/thumbs/72/au-kddi/190/skull_1f480.png
pile_of_poo,https://emojipedia-us.s3.dualstack.us-west-1.amazonaws.com/thumbs/72/au-kddi/190/pile-of-poo_1f4a9.png
ogre,https://emojipedia-us.s3.dualstack.us-west-1.amazonaws.com/thumbs/72/au-kddi/190/japanese-ogre_1f479.png
goblin,https://emojipedia-us.s3.dualstack.us-west-1.amazonaws.com/thumbs/72/au-kddi/190/japanese-goblin_1f47a.png
ghost,https://emojipedia-us.s3.dualstack.us-west-1.amazonaws.com/thumbs/72/au-kddi/190/ghost_1f47b.png
alien,https://emojipedia-us.s3.dualstack.us-west-1.amazonaws.com/thumbs/72/au-kddi/190/extraterrestrial-alien_1f47d.png
alien_monster,https://emojipedia-us.s3.dualstack.us-west-1.amazonaws.com/thumbs/72/au-kddi/190/alien-monster_1f47e.png
grinning_cat,https://emojipedia-us.s3.dualstack.us-west-1.amazonaws.com/thumbs/72/au-kddi/190/smiling-cat-face-with-open-mouth_1f63a.png
grinning_cat_with_smiling_eyes,https://emojipedia-us.s3.dualstack.us-west-1.amazonaws.com/thumbs/72/au-kddi/190/grinning-cat-face-with-smiling-eyes_1f638.png
cat_with_tears_of_joy,https://emojipedia-us.s3.dualstack.us-west-1.amazonaws.com/thumbs/72/au-kddi/190/cat-face-with-tears-of-joy_1f639.png
smiling_cat_with_heart_eyes,https://emojipedia-us.s3.dualstack.us-west-1.amazonaws.com/thumbs/72/au-kddi/190/smiling-cat-face-with-heart-shaped-eyes_1f63b.png
cat_with_wry_smile,https://emojipedia-us.s3.dualstack.us-west-1.amazonaws.com/thumbs/72/au-kddi/190/cat-face-with-wry-smile_1f63c.png
kissing_cat,https://emojipedia-us.s3.dualstack.us-west-1.amazonaws.com/thumbs/72/au-kddi/190/kissing-cat-face-with-closed-eyes_1f63d.png
weary_cat,https://emojipedia-us.s3.dualstack.us-west-1.amazonaws.com/thumbs/72/au-kddi/190/weary-cat-face_1f640.png
crying_cat,https://emojipedia-us.s3.dualstack.us-west-1.amazonaws.com/thumbs/72/au-kddi/190/crying-cat-face_1f63f.png
pouting_cat,https://emojipedia-us.s3.dualstack.us-west-1.amazonaws.com/thumbs/72/au-kddi/190/pouting-cat-face_1f63e.png
see_no_evil_monkey,https://emojipedia-us.s3.dualstack.us-west-1.amazonaws.com/thumbs/72/au-kddi/190/see-no-evil-monkey_1f648.png
hear_no_evil_monkey,https://emojipedia-us.s3.dualstack.us-west-1.amazonaws.com/thumbs/72/au-kddi/190/hear-no-evil-monkey_1f649.png
speak_no_evil_monkey,https://emojipedia-us.s3.dualstack.us-west-1.amazonaws.com/thumbs/72/au-kddi/190/speak-no-evil-monkey_1f64a.png
kiss_mark,https://emojipedia-us.s3.dualstack.us-west-1.amazonaws.com/thumbs/72/au-kddi/190/kiss-mark_1f48b.png
love_letter,https://emojipedia-us.s3.dualstack.us-west-1.amazonaws.com/thumbs/72/au-kddi/190/love-letter_1f48c.png
heart_with_arrow,https://emojipedia-us.s3.dualstack.us-west-1.amazonaws.com/thumbs/72/au-kddi/190/heart-with-arrow_1f498.png
heart_with_ribbon,https://emojipedia-us.s3.dualstack.us-west-1.amazonaws.com/thumbs/72/au-kddi/190/heart-with-ribbon_1f49d.png
sparkling_heart,https://emojipedia-us.s3.dualstack.us-west-1.amazonaws.com/thumbs/72/au-kddi/190/sparkling-heart_1f496.png
beating_heart,https://emojipedia-us.s3.dualstack.us-west-1.amazonaws.com/thumbs/72/au-kddi/190/beating-heart_1f493.png
revolving_hearts,https://emojipedia-us.s3.dualstack.us-west-1.amazonaws.com/thumbs/72/au-kddi/190/revolving-hearts_1f49e.png
two_hearts,https://emojipedia-us.s3.dualstack.us-west-1.amazonaws.com/thumbs/72/au-kddi/190/two-hearts_1f495.png
broken_heart,https://emojipedia-us.s3.dualstack.us-west-1.amazonaws.com/thumbs/72/au-kddi/190/broken-heart_1f494.png
red_heart,https://emojipedia-us.s3.dualstack.us-west-1.amazonaws.com/thumbs/72/au-kddi/190/heavy-black-heart_2764.png
yellow_heart,https://emojipedia-us.s3.dualstack.us-west-1.amazonaws.com/thumbs/72/au-kddi/190/yellow-heart_1f49b.png
green_heart,https://emojipedia-us.s3.dualstack.us-west-1.amazonaws.com/thumbs/72/au-kddi/190/green-heart_1f49a.png
blue_heart,https://emojipedia-us.s3.dualstack.us-west-1.amazonaws.com/thumbs/72/au-kddi/190/blue-heart_1f499.png
purple_heart,https://emojipedia-us.s3.dualstack.us-west-1.amazonaws.com/thumbs/72/au-kddi/190/purple-heart_1f49c.png
hundred_points,https://emojipedia-us.s3.dualstack.us-west-1.amazonaws.com/thumbs/72/au-kddi/190/hundred-points-symbol_1f4af.png
anger_symbol,https://emojipedia-us.s3.dualstack.us-west-1.amazonaws.com/thumbs/72/au-kddi/190/anger-symbol_1f4a2.png
collision,https://emojipedia-us.s3.dualstack.us-west-1.amazonaws.com/thumbs/72/au-kddi/190/collision-symbol_1f4a5.png
dizzy,https://emojipedia-us.s3.dualstack.us-west-1.amazonaws.com/thumbs/72/au-kddi/190/dizzy-symbol_1f4ab.png
sweat_droplets,https://emojipedia-us.s3.dualstack.us-west-1.amazonaws.com/thumbs/72/au-kddi/190/splashing-sweat-symbol_1f4a6.png
dashing_away,https://emojipedia-us.s3.dualstack.us-west-1.amazonaws.com/thumbs/72/au-kddi/190/dash-symbol_1f4a8.png
bomb,https://emojipedia-us.s3.dualstack.us-west-1.amazonaws.com/thumbs/72/au-kddi/190/bomb_1f4a3.png
speech_balloon,https://emojipedia-us.s3.dualstack.us-west-1.amazonaws.com/thumbs/72/au-kddi/190/speech-balloon_1f4ac.png
zzz,https://emojipedia-us.s3.dualstack.us-west-1.amazonaws.com/thumbs/72/au-kddi/190/sleeping-symbol_1f4a4.png
waving_hand,https://emojipedia-us.s3.dualstack.us-west-1.amazonaws.com/thumbs/72/au-kddi/190/waving-hand-sign_1f44b.png
raised_hand,https://emojipedia-us.s3.dualstack.us-west-1.amazonaws.com/thumbs/72/au-kddi/190/raised-hand_270b.png
ok_hand,https://emojipedia-us.s3.dualstack.us-west-1.amazonaws.com/thumbs/72/au-kddi/190/ok-hand-sign_1f44c.png
victory_hand,https://emojipedia-us.s3.dualstack.us-west-1.amazonaws.com/thumbs/72/au-kddi/190/victory-hand_270c.png
backhand_index_pointing_left,https://emojipedia-us.s3.dualstack.us-west-1.amazonaws.com/thumbs/72/au-kddi/190/white-left-pointing-backhand-index_1f448.png
backhand_index_pointing_right,https://emojipedia-us.s3.dualstack.us-west-1.amazonaws.com/thumbs/72/au-kddi/190/white-right-pointing-backhand-index_1f449.png
backhand_index_pointing_up,https://emojipedia-us.s3.dualstack.us-west-1.amazonaws.com/thumbs/72/au-kddi/190/white-up-pointing-backhand-index_1f446.png
backhand_index_pointing_down,https://emojipedia-us.s3.dualstack.us-west-1.amazonaws.com/thumbs/72/au-kddi/190/white-down-pointing-backhand-index_1f447.png
index_pointing_up,https://emojipedia-us.s3.dualstack.us-west-1.amazonaws.com/thumbs/72/au-kddi/190/white-up-pointing-index_261d.png
thumbs_up,https://emojipedia-us.s3.dualstack.us-west-1.amazonaws.com/thumbs/72/au-kddi/190/thumbs-up-sign_1f44d.png
thumbs_down,https://emojipedia-us.s3.dualstack.us-west-1.amazonaws.com/thumbs/72/au-kddi/190/thumbs-down-sign_1f44e.png
raised_fist,https://emojipedia-us.s3.dualstack.us-west-1.amazonaws.com/thumbs/72/au-kddi/190/raised-fist_270a.png
oncoming_fist,https://emojipedia-us.s3.dualstack.us-west-1.amazonaws.com/thumbs/72/au-kddi/190/fisted-hand-sign_1f44a.png
clapping_hands,https://emojipedia-us.s3.dualstack.us-west-1.amazonaws.com/thumbs/72/au-kddi/190/clapping-hands-sign_1f44f.png
raising_hands,https://emojipedia-us.s3.dualstack.us-west-1.amazonaws.com/thumbs/72/au-kddi/190/person-raising-both-hands-in-celebration_1f64c.png
folded_hands,https://emojipedia-us.s3.dualstack.us-west-1.amazonaws.com/thumbs/72/au-kddi/190/person-with-folded-hands_1f64f.png
nail_polish,https://emojipedia-us.s3.dualstack.us-west-1.amazonaws.com/thumbs/72/au-kddi/190/nail-polish_1f485.png
flexed_biceps,https://emojipedia-us.s3.dualstack.us-west-1.amazonaws.com/thumbs/72/au-kddi/190/flexed-biceps_1f4aa.png
ear,https://emojipedia-us.s3.dualstack.us-west-1.amazonaws.com/thumbs/72/au-kddi/190/ear_1f442.png
nose,https://emojipedia-us.s3.dualstack.us-west-1.amazonaws.com/thumbs/72/au-kddi/190/nose_1f443.png
eyes,https://emojipedia-us.s3.dualstack.us-west-1.amazonaws.com/thumbs/72/au-kddi/190/eyes_1f440.png
tongue,https://emojipedia-us.s3.dualstack.us-west-1.amazonaws.com/thumbs/72/au-kddi/190/tongue_1f445.png
mouth,https://emojipedia-us.s3.dualstack.us-west-1.amazonaws.com/thumbs/72/au-kddi/190/mouth_1f444.png
baby,https://emojipedia-us.s3.dualstack.us-west-1.amazonaws.com/thumbs/72/au-kddi/190/baby_1f476.png
boy,https://emojipedia-us.s3.dualstack.us-west-1.amazonaws.com/thumbs/72/au-kddi/190/boy_1f466.png
girl,https://emojipedia-us.s3.dualstack.us-west-1.amazonaws.com/thumbs/72/au-kddi/190/girl_1f467.png
person_blond_hair,https://emojipedia-us.s3.dualstack.us-west-1.amazonaws.com/thumbs/72/au-kddi/190/person-with-blond-hair_1f471.png
old_man,https://emojipedia-us.s3.dualstack.us-west-1.amazonaws.com/thumbs/72/au-kddi/190/older-man_1f474.png
old_woman,https://emojipedia-us.s3.dualstack.us-west-1.amazonaws.com/thumbs/72/au-kddi/190/older-woman_1f475.png
person_frowning,https://emojipedia-us.s3.dualstack.us-west-1.amazonaws.com/thumbs/72/au-kddi/190/person-frowning_1f64d.png
person_pouting,https://emojipedia-us.s3.dualstack.us-west-1.amazonaws.com/thumbs/72/au-kddi/190/person-with-pouting-face_1f64e.png
person_gesturing_no,https://emojipedia-us.s3.dualstack.us-west-1.amazonaws.com/thumbs/72/au-kddi/190/face-with-no-good-gesture_1f645.png
person_gesturing_ok,https://emojipedia-us.s3.dualstack.us-west-1.amazonaws.com/thumbs/72/au-kddi/190/face-with-ok-gesture_1f646.png
person_raising_hand,https://emojipedia-us.s3.dualstack.us-west-1.amazonaws.com/thumbs/72/au-kddi/190/happy-person-raising-one-hand_1f64b.png
person_bowing,https://emojipedia-us.s3.dualstack.us-west-1.amazonaws.com/thumbs/72/au-kddi/190/person-bowing-deeply_1f647.png
police_officer,https://emojipedia-us.s3.dualstack.us-west-1.amazonaws.com/thumbs/72/au-kddi/190/police-officer_1f46e.png
construction_worker,https://emojipedia-us.s3.dualstack.us-west-1.amazonaws.com/thumbs/72/au-kddi/190/construction-worker_1f477.png
princess,https://emojipedia-us.s3.dualstack.us-west-1.amazonaws.com/thumbs/72/au-kddi/190/princess_1f478.png
person_wearing_turban,https://emojipedia-us.s3.dualstack.us-west-1.amazonaws.com/thumbs/72/au-kddi/190/man-with-turban_1f473.png
person_with_skullcap,https://emojipedia-us.s3.dualstack.us-west-1.amazonaws.com/thumbs/72/au-kddi/190/man-with-gua-pi-mao_1f472.png
person_with_veil,https://emojipedia-us.s3.dualstack.us-west-1.amazonaws.com/thumbs/72/au-kddi/190/bride-with-veil_1f470.png
baby_angel,https://emojipedia-us.s3.dualstack.us-west-1.amazonaws.com/thumbs/72/au-kddi/190/baby-angel_1f47c.png
santa_claus,https://emojipedia-us.s3.dualstack.us-west-1.amazonaws.com/thumbs/72/au-kddi/190/father-christmas_1f385.png
person_getting_massage,https://emojipedia-us.s3.dualstack.us-west-1.amazonaws.com/thumbs/72/au-kddi/190/face-massage_1f486.png
person_getting_haircut,https://emojipedia-us.s3.dualstack.us-west-1.amazonaws.com/thumbs/72/au-kddi/190/haircut_1f487.png
person_walking,https://emojipedia-us.s3.dualstack.us-west-1.amazonaws.com/thumbs/72/au-kddi/190/pedestrian_1f6b6.png
person_running,https://emojipedia-us.s3.dualstack.us-west-1.amazonaws.com/thumbs/72/au-kddi/190/runner_1f3c3.png
woman_dancing,https://emojipedia-us.s3.dualstack.us-west-1.amazonaws.com/thumbs/72/au-kddi/190/dancer_1f483.png
people_with_bunny_ears,https://emojipedia-us.s3.dualstack.us-west-1.amazonaws.com/thumbs/72/au-kddi/190/woman-with-bunny-ears_1f46f.png
snowboarder,https://emojipedia-us.s3.dualstack.us-west-1.amazonaws.com/thumbs/72/au-kddi/190/snowboarder_1f3c2.png
person_surfing,https://emojipedia-us.s3.dualstack.us-west-1.amazonaws.com/thumbs/72/au-kddi/190/surfer_1f3c4.png
person_swimming,https://emojipedia-us.s3.dualstack.us-west-1.amazonaws.com/thumbs/72/au-kddi/190/swimmer_1f3ca.png
person_taking_bath,https://emojipedia-us.s3.dualstack.us-west-1.amazonaws.com/thumbs/72/au-kddi/190/bath_1f6c0.png
kiss,https://emojipedia-us.s3.dualstack.us-west-1.amazonaws.com/thumbs/72/au-kddi/190/kiss_1f48f.png
couple_with_heart,https://emojipedia-us.s3.dualstack.us-west-1.amazonaws.com/thumbs/72/au-kddi/190/couple-with-heart_1f491.png
family,https://emojipedia-us.s3.dualstack.us-west-1.amazonaws.com/thumbs/72/au-kddi/190/family_1f46a.png
footprints,https://emojipedia-us.s3.dualstack.us-west-1.amazonaws.com/thumbs/72/au-kddi/190/footprints_1f463.png
monkey_face,https://emojipedia-us.s3.dualstack.us-west-1.amazonaws.com/thumbs/72/au-kddi/190/monkey-face_1f435.png
dog_face,https://emojipedia-us.s3.dualstack.us-west-1.amazonaws.com/thumbs/72/au-kddi/190/dog-face_1f436.png
poodle,https://emojipedia-us.s3.dualstack.us-west-1.amazonaws.com/thumbs/72/au-kddi/190/poodle_1f429.png
cat_face,https://emojipedia-us.s3.dualstack.us-west-1.amazonaws.com/thumbs/72/au-kddi/190/cat-face_1f431.png
tiger_face,https://emojipedia-us.s3.dualstack.us-west-1.amazonaws.com/thumbs/72/au-kddi/190/tiger-face_1f42f.png
horse_face,https://emojipedia-us.s3.dualstack.us-west-1.amazonaws.com/thumbs/72/au-kddi/190/horse-face_1f434.png
cow_face,https://emojipedia-us.s3.dualstack.us-west-1.amazonaws.com/thumbs/72/au-kddi/190/cow-face_1f42e.png
pig_face,https://emojipedia-us.s3.dualstack.us-west-1.amazonaws.com/thumbs/72/au-kddi/190/pig-face_1f437.png
boar,https://emojipedia-us.s3.dualstack.us-west-1.amazonaws.com/thumbs/72/au-kddi/190/boar_1f417.png
pig_nose,https://emojipedia-us.s3.dualstack.us-west-1.amazonaws.com/thumbs/72/au-kddi/190/pig-nose_1f43d.png
two_hump_camel,https://emojipedia-us.s3.dualstack.us-west-1.amazonaws.com/thumbs/72/au-kddi/190/bactrian-camel_1f42b.png
elephant,https://emojipedia-us.s3.dualstack.us-west-1.amazonaws.com/thumbs/72/au-kddi/190/elephant_1f418.png
mouse_face,https://emojipedia-us.s3.dualstack.us-west-1.amazonaws.com/thumbs/72/au-kddi/190/mouse-face_1f42d.png
rabbit_face,https://emojipedia-us.s3.dualstack.us-west-1.amazonaws.com/thumbs/72/au-kddi/190/rabbit-face_1f430.png
bear,https://emojipedia-us.s3.dualstack.us-west-1.amazonaws.com/thumbs/72/au-kddi/190/bear-face_1f43b.png
koala,https://emojipedia-us.s3.dualstack.us-west-1.amazonaws.com/thumbs/72/au-kddi/190/koala_1f428.png
panda,https://emojipedia-us.s3.dualstack.us-west-1.amazonaws.com/thumbs/72/au-kddi/190/panda-face_1f43c.png
paw_prints,https://emojipedia-us.s3.dualstack.us-west-1.amazonaws.com/thumbs/72/au-kddi/190/paw-prints_1f43e.png
chicken,https://emojipedia-us.s3.dualstack.us-west-1.amazonaws.com/thumbs/72/au-kddi/190/chicken_1f414.png
hatching_chick,https://emojipedia-us.s3.dualstack.us-west-1.amazonaws.com/thumbs/72/au-kddi/190/hatching-chick_1f423.png
baby_chick,https://emojipedia-us.s3.dualstack.us-west-1.amazonaws.com/thumbs/72/au-kddi/190/baby-chick_1f424.png
front_facing_baby_chick,https://emojipedia-us.s3.dualstack.us-west-1.amazonaws.com/thumbs/72/au-kddi/190/front-facing-baby-chick_1f425.png
penguin,https://emojipedia-us.s3.dualstack.us-west-1.amazonaws.com/thumbs/72/au-kddi/190/penguin_1f427.png
frog,https://emojipedia-us.s3.dualstack.us-west-1.amazonaws.com/thumbs/72/au-kddi/190/frog-face_1f438.png
turtle,https://emojipedia-us.s3.dualstack.us-west-1.amazonaws.com/thumbs/72/au-kddi/190/turtle_1f422.png
snake,https://emojipedia-us.s3.dualstack.us-west-1.amazonaws.com/thumbs/72/au-kddi/190/snake_1f40d.png
dragon_face,https://emojipedia-us.s3.dualstack.us-west-1.amazonaws.com/thumbs/72/au-kddi/190/dragon-face_1f432.png
spouting_whale,https://emojipedia-us.s3.dualstack.us-west-1.amazonaws.com/thumbs/72/au-kddi/190/spouting-whale_1f433.png
dolphin,https://emojipedia-us.s3.dualstack.us-west-1.amazonaws.com/thumbs/72/au-kddi/190/dolphin_1f42c.png
tropical_fish,https://emojipedia-us.s3.dualstack.us-west-1.amazonaws.com/thumbs/72/au-kddi/190/tropical-fish_1f420.png
blowfish,https://emojipedia-us.s3.dualstack.us-west-1.amazonaws.com/thumbs/72/au-kddi/190/blowfish_1f421.png
octopus,https://emojipedia-us.s3.dualstack.us-west-1.amazonaws.com/thumbs/72/au-kddi/190/octopus_1f419.png
spiral_shell,https://emojipedia-us.s3.dualstack.us-west-1.amazonaws.com/thumbs/72/au-kddi/190/spiral-shell_1f41a.png
snail,https://emojipedia-us.s3.dualstack.us-west-1.amazonaws.com/thumbs/72/au-kddi/190/snail_1f40c.png
bug,https://emojipedia-us.s3.dualstack.us-west-1.amazonaws.com/thumbs/72/au-kddi/190/bug_1f41b.png
ant,https://emojipedia-us.s3.dualstack.us-west-1.amazonaws.com/thumbs/72/au-kddi/190/ant_1f41c.png
honeybee,https://emojipedia-us.s3.dualstack.us-west-1.amazonaws.com/thumbs/72/au-kddi/190/honeybee_1f41d.png
lady_beetle,https://emojipedia-us.s3.dualstack.us-west-1.amazonaws.com/thumbs/72/au-kddi/190/lady-beetle_1f41e.png
bouquet,https://emojipedia-us.s3.dualstack.us-west-1.amazonaws.com/thumbs/72/au-kddi/190/bouquet_1f490.png
cherry_blossom,https://emojipedia-us.s3.dualstack.us-west-1.amazonaws.com/thumbs/72/au-kddi/190/cherry-blossom_1f338.png
white_flower,https://emojipedia-us.s3.dualstack.us-west-1.amazonaws.com/thumbs/72/au-kddi/190/white-flower_1f4ae.png
rose,https://emojipedia-us.s3.dualstack.us-west-1.amazonaws.com/thumbs/72/au-kddi/190/rose_1f339.png
hibiscus,https://emojipedia-us.s3.dualstack.us-west-1.amazonaws.com/thumbs/72/au-kddi/190/hibiscus_1f33a.png
sunflower,https://emojipedia-us.s3.dualstack.us-west-1.amazonaws.com/thumbs/72/au-kddi/190/sunflower_1f33b.png
blossom,https://emojipedia-us.s3.dualstack.us-west-1.amazonaws.com/thumbs/72/au-kddi/190/blossom_1f33c.png
tulip,https://emojipedia-us.s3.dualstack.us-west-1.amazonaws.com/thumbs/72/au-kddi/190/tulip_1f337.png
seedling,https://emojipedia-us.s3.dualstack.us-west-1.amazonaws.com/thumbs/72/au-kddi/190/seedling_1f331.png
palm_tree,https://emojipedia-us.s3.dualstack.us-west-1.amazonaws.com/thumbs/72/au-kddi/190/palm-tree_1f334.png
cactus,https://emojipedia-us.s3.dualstack.us-west-1.amazonaws.com/thumbs/72/au-kddi/190/cactus_1f335.png
herb,https://emojipedia-us.s3.dualstack.us-west-1.amazonaws.com/thumbs/72/au-kddi/190/herb_1f33f.png
four_leaf_clover,https://emojipedia-us.s3.dualstack.us-west-1.amazonaws.com/thumbs/72/au-kddi/190/four-leaf-clover_1f340.png
maple_leaf,https://emojipedia-us.s3.dualstack.us-west-1.amazonaws.com/thumbs/72/au-kddi/190/maple-leaf_1f341.png
fallen_leaf,https://emojipedia-us.s3.dualstack.us-west-1.amazonaws.com/thumbs/72/au-kddi/190/fallen-leaf_1f342.png
grapes,https://emojipedia-us.s3.dualstack.us-west-1.amazonaws.com/thumbs/72/au-kddi/190/grapes_1f347.png
melon,https://emojipedia-us.s3.dualstack.us-west-1.amazonaws.com/thumbs/72/au-kddi/190/melon_1f348.png
watermelon,https://emojipedia-us.s3.dualstack.us-west-1.amazonaws.com/thumbs/72/au-kddi/190/watermelon_1f349.png
tangerine,https://emojipedia-us.s3.dualstack.us-west-1.amazonaws.com/thumbs/72/au-kddi/190/tangerine_1f34a.png
banana,https://emojipedia-us.s3.dualstack.us-west-1.amazonaws.com/thumbs/72/au-kddi/190/banana_1f34c.png
pineapple,https://emojipedia-us.s3.dualstack.us-west-1.amazonaws.com/thumbs/72/au-kddi/190/pineapple_1f34d.png
red_apple,https://emojipedia-us.s3.dualstack.us-west-1.amazonaws.com/thumbs/72/au-kddi/190/red-apple_1f34e.png
green_apple,https://emojipedia-us.s3.dualstack.us-west-1.amazonaws.com/thumbs/72/au-kddi/190/green-apple_1f34f.png
peach,https://emojipedia-us.s3.dualstack.us-west-1.amazonaws.com/thumbs/72/au-kddi/190/peach_1f351.png
cherries,https://emojipedia-us.s3.dualstack.us-west-1.amazonaws.com/thumbs/72/au-kddi/190/cherries_1f352.png
strawberry,https://emojipedia-us.s3.dualstack.us-west-1.amazonaws.com/thumbs/72/au-kddi/190/strawberry_1f353.png
tomato,https://emojipedia-us.s3.dualstack.us-west-1.amazonaws.com/thumbs/72/au-kddi/190/tomato_1f345.png
eggplant,https://emojipedia-us.s3.dualstack.us-west-1.amazonaws.com/thumbs/72/au-kddi/190/aubergine_1f346.png
ear_of_corn,https://emojipedia-us.s3.dualstack.us-west-1.amazonaws.com/thumbs/72/au-kddi/190/ear-of-maize_1f33d.png
mushroom,https://emojipedia-us.s3.dualstack.us-west-1.amazonaws.com/thumbs/72/au-kddi/190/mushroom_1f344.png
chestnut,https://emojipedia-us.s3.dualstack.us-west-1.amazonaws.com/thumbs/72/au-kddi/190/chestnut_1f330.png
bread,https://emojipedia-us.s3.dualstack.us-west-1.amazonaws.com/thumbs/72/au-kddi/190/bread_1f35e.png
meat_on_bone,https://emojipedia-us.s3.dualstack.us-west-1.amazonaws.com/thumbs/72/au-kddi/190/meat-on-bone_1f356.png
poultry_leg,https://emojipedia-us.s3.dualstack.us-west-1.amazonaws.com/thumbs/72/au-kddi/190/poultry-leg_1f357.png
hamburger,https://emojipedia-us.s3.dualstack.us-west-1.amazonaws.com/thumbs/72/au-kddi/190/hamburger_1f354.png
french_fries,https://emojipedia-us.s3.dualstack.us-west-1.amazonaws.com/thumbs/72/au-kddi/190/french-fries_1f35f.png
pizza,https://emojipedia-us.s3.dualstack.us-west-1.amazonaws.com/thumbs/72/au-kddi/190/slice-of-pizza_1f355.png
cooking,https://emojipedia-us.s3.dualstack.us-west-1.amazonaws.com/thumbs/72/au-kddi/190/cooking_1f373.png
pot_of_food,https://emojipedia-us.s3.dualstack.us-west-1.amazonaws.com/thumbs/72/au-kddi/190/pot-of-food_1f372.png
bento_box,https://emojipedia-us.s3.dualstack.us-west-1.amazonaws.com/thumbs/72/au-kddi/190/bento-box_1f371.png
rice_cracker,https://emojipedia-us.s3.dualstack.us-west-1.amazonaws.com/thumbs/72/au-kddi/190/rice-cracker_1f358.png
rice_ball,https://emojipedia-us.s3.dualstack.us-west-1.amazonaws.com/thumbs/72/au-kddi/190/rice-ball_1f359.png
cooked_rice,https://emojipedia-us.s3.dualstack.us-west-1.amazonaws.com/thumbs/72/au-kddi/190/cooked-rice_1f35a.png
curry_rice,https://emojipedia-us.s3.dualstack.us-west-1.amazonaws.com/thumbs/72/au-kddi/190/curry-and-rice_1f35b.png
steaming_bowl,https://emojipedia-us.s3.dualstack.us-west-1.amazonaws.com/thumbs/72/au-kddi/190/steaming-bowl_1f35c.png
spaghetti,https://emojipedia-us.s3.dualstack.us-west-1.amazonaws.com/thumbs/72/au-kddi/190/spaghetti_1f35d.png
roasted_sweet_potato,https://emojipedia-us.s3.dualstack.us-west-1.amazonaws.com/thumbs/72/au-kddi/190/roasted-sweet-potato_1f360.png
oden,https://emojipedia-us.s3.dualstack.us-west-1.amazonaws.com/thumbs/72/au-kddi/190/oden_1f362.png
sushi,https://emojipedia-us.s3.dualstack.us-west-1.amazonaws.com/thumbs/72/au-kddi/190/sushi_1f363.png
fried_shrimp,https://emojipedia-us.s3.dualstack.us-west-1.amazonaws.com/thumbs/72/au-kddi/190/fried-shrimp_1f364.png
fish_cake_with_swirl,https://emojipedia-us.s3.dualstack.us-west-1.amazonaws.com/thumbs/72/au-kddi/190/fish-cake-with-swirl-design_1f365.png
dango,https://emojipedia-us.s3.dualstack.us-west-1.amazonaws.com/thumbs/72/au-kddi/190/dango_1f361.png
soft_ice_cream,https://emojipedia-us.s3.dualstack.us-west-1.amazonaws.com/thumbs/72/au-kddi/190/soft-ice-cream_1f366.png
shaved_ice,https://emojipedia-us.s3.dualstack.us-west-1.amazonaws.com/thumbs/72/au-kddi/190/shaved-ice_1f367.png
ice_cream,https://emojipedia-us.s3.dualstack.us-west-1.amazonaws.com/thumbs/72/au-kddi/190/ice-cream_1f368.png
doughnut,https://emojipedia-us.s3.dualstack.us-west-1.amazonaws.com/thumbs/72/au-kddi/190/doughnut_1f369.png
cookie,https://emojipedia-us.s3.dualstack.us-west-1.amazonaws.com/thumbs/72/au-kddi/190/cookie_1f36a.png
birthday_cake,https://emojipedia-us.s3.dualstack.us-west-1.amazonaws.com/thumbs/72/au-kddi/190/birthday-cake_1f382.png
shortcake,https://emojipedia-us.s3.dualstack.us-west-1.amazonaws.com/thumbs/72/au-kddi/190/shortcake_1f370.png
chocolate_bar,https://emojipedia-us.s3.dualstack.us-west-1.amazonaws.com/thumbs/72/au-kddi/190/chocolate-bar_1f36b.png
candy,https://emojipedia-us.s3.dualstack.us-west-1.amazonaws.com/thumbs/72/au-kddi/190/candy_1f36c.png
lollipop,https://emojipedia-us.s3.dualstack.us-west-1.amazonaws.com/thumbs/72/au-kddi/190/lollipop_1f36d.png
custard,https://emojipedia-us.s3.dualstack.us-west-1.amazonaws.com/thumbs/72/au-kddi/190/custard_1f36e.png
honey_pot,https://emojipedia-us.s3.dualstack.us-west-1.amazonaws.com/thumbs/72/au-kddi/190/honey-pot_1f36f.png
hot_beverage,https://emojipedia-us.s3.dualstack.us-west-1.amazonaws.com/thumbs/72/au-kddi/190/hot-beverage_2615.png
teacup_without_handle,https://emojipedia-us.s3.dualstack.us-west-1.amazonaws.com/thumbs/72/au-kddi/190/teacup-without-handle_1f375.png
sake,https://emojipedia-us.s3.dualstack.us-west-1.amazonaws.com/thumbs/72/au-kddi/190/sake-bottle-and-cup_1f376.png
wine_glass,https://emojipedia-us.s3.dualstack.us-west-1.amazonaws.com/thumbs/72/au-kddi/190/wine-glass_1f377.png
cocktail_glass,https://emojipedia-us.s3.dualstack.us-west-1.amazonaws.com/thumbs/72/au-kddi/190/cocktail-glass_1f378.png
tropical_drink,https://emojipedia-us.s3.dualstack.us-west-1.amazonaws.com/thumbs/72/au-kddi/190/tropical-drink_1f379.png
beer_mug,https://emojipedia-us.s3.dualstack.us-west-1.amazonaws.com/thumbs/72/au-kddi/190/beer-mug_1f37a.png
clinking_beer_mugs,https://emojipedia-us.s3.dualstack.us-west-1.amazonaws.com/thumbs/72/au-kddi/190/clinking-beer-mugs_1f37b.png
fork_and_knife,https://emojipedia-us.s3.dualstack.us-west-1.amazonaws.com/thumbs/72/au-kddi/190/fork-and-knife_1f374.png
kitchen_knife,https://emojipedia-us.s3.dualstack.us-west-1.amazonaws.com/thumbs/72/au-kddi/190/hocho_1f52a.png
globe_showing_asia_australia,https://emojipedia-us.s3.dualstack.us-west-1.amazonaws.com/thumbs/72/au-kddi/190/earth-globe-asia-australia_1f30f.png
map_of_japan,https://emojipedia-us.s3.dualstack.us-west-1.amazonaws.com/thumbs/72/au-kddi/190/silhouette-of-japan_1f5fe.png
volcano,https://emojipedia-us.s3.dualstack.us-west-1.amazonaws.com/thumbs/72/au-kddi/190/volcano_1f30b.png
mount_fuji,https://emojipedia-us.s3.dualstack.us-west-1.amazonaws.com/thumbs/72/au-kddi/190/mount-fuji_1f5fb.png
house,https://emojipedia-us.s3.dualstack.us-west-1.amazonaws.com/thumbs/72/au-kddi/190/house-building_1f3e0.png
house_with_garden,https://emojipedia-us.s3.dualstack.us-west-1.amazonaws.com/thumbs/72/au-kddi/190/house-with-garden_1f3e1.png
office_building,https://emojipedia-us.s3.dualstack.us-west-1.amazonaws.com/thumbs/72/au-kddi/190/office-building_1f3e2.png
japanese_post_office,https://emojipedia-us.s3.dualstack.us-west-1.amazonaws.com/thumbs/72/au-kddi/190/japanese-post-office_1f3e3.png
hospital,https://emojipedia-us.s3.dualstack.us-west-1.amazonaws.com/thumbs/72/au-kddi/190/hospital_1f3e5.png
bank,https://emojipedia-us.s3.dualstack.us-west-1.amazonaws.com/thumbs/72/au-kddi/190/bank_1f3e6.png
hotel,https://emojipedia-us.s3.dualstack.us-west-1.amazonaws.com/thumbs/72/au-kddi/190/hotel_1f3e8.png
love_hotel,https://emojipedia-us.s3.dualstack.us-west-1.amazonaws.com/thumbs/72/au-kddi/190/love-hotel_1f3e9.png
convenience_store,https://emojipedia-us.s3.dualstack.us-west-1.amazonaws.com/thumbs/72/au-kddi/190/convenience-store_1f3ea.png
school,https://emojipedia-us.s3.dualstack.us-west-1.amazonaws.com/thumbs/72/au-kddi/190/school_1f3eb.png
department_store,https://emojipedia-us.s3.dualstack.us-west-1.amazonaws.com/thumbs/72/au-kddi/190/department-store_1f3ec.png
factory,https://emojipedia-us.s3.dualstack.us-west-1.amazonaws.com/thumbs/72/au-kddi/190/factory_1f3ed.png
japanese_castle,https://emojipedia-us.s3.dualstack.us-west-1.amazonaws.com/thumbs/72/au-kddi/190/japanese-castle_1f3ef.png
castle,https://emojipedia-us.s3.dualstack.us-west-1.amazonaws.com/thumbs/72/au-kddi/190/european-castle_1f3f0.png
tokyo_tower,https://emojipedia-us.s3.dualstack.us-west-1.amazonaws.com/thumbs/72/au-kddi/190/tokyo-tower_1f5fc.png
church,https://emojipedia-us.s3.dualstack.us-west-1.amazonaws.com/thumbs/72/au-kddi/190/church_26ea.png
fountain,https://emojipedia-us.s3.dualstack.us-west-1.amazonaws.com/thumbs/72/au-kddi/190/fountain_26f2.png
tent,https://emojipedia-us.s3.dualstack.us-west-1.amazonaws.com/thumbs/72/au-kddi/190/tent_26fa.png
foggy,https://emojipedia-us.s3.dualstack.us-west-1.amazonaws.com/thumbs/72/au-kddi/190/foggy_1f301.png
night_with_stars,https://emojipedia-us.s3.dualstack.us-west-1.amazonaws.com/thumbs/72/au-kddi/190/night-with-stars_1f303.png
sunrise,https://emojipedia-us.s3.dualstack.us-west-1.amazonaws.com/thumbs/72/au-kddi/190/sunrise_1f305.png
cityscape_at_dusk,https://emojipedia-us.s3.dualstack.us-west-1.amazonaws.com/thumbs/72/au-kddi/190/cityscape-at-dusk_1f306.png
bridge_at_night,https://emojipedia-us.s3.dualstack.us-west-1.amazonaws.com/thumbs/72/au-kddi/190/bridge-at-night_1f309.png
hot_springs,https://emojipedia-us.s3.dualstack.us-west-1.amazonaws.com/thumbs/72/au-kddi/190/hot-springs_2668.png
ferris_wheel,https://emojipedia-us.s3.dualstack.us-west-1.amazonaws.com/thumbs/72/au-kddi/190/ferris-wheel_1f3a1.png
roller_coaster,https://emojipedia-us.s3.dualstack.us-west-1.amazonaws.com/thumbs/72/au-kddi/190/roller-coaster_1f3a2.png
barber_pole,https://emojipedia-us.s3.dualstack.us-west-1.amazonaws.com/thumbs/72/au-kddi/190/barber-pole_1f488.png
circus_tent,https://emojipedia-us.s3.dualstack.us-west-1.amazonaws.com/thumbs/72/au-kddi/190/circus-tent_1f3aa.png
railway_car,https://emojipedia-us.s3.dualstack.us-west-1.amazonaws.com/thumbs/72/au-kddi/190/railway-car_1f683.png
bullet_train,https://emojipedia-us.s3.dualstack.us-west-1.amazonaws.com/thumbs/72/au-kddi/190/high-speed-train-with-bullet-nose_1f685.png
metro,https://emojipedia-us.s3.dualstack.us-west-1.amazonaws.com/thumbs/72/au-kddi/190/metro_1f687.png
station,https://emojipedia-us.s3.dualstack.us-west-1.amazonaws.com/thumbs/72/au-kddi/190/station_1f689.png
bus,https://emojipedia-us.s3.dualstack.us-west-1.amazonaws.com/thumbs/72/au-kddi/190/bus_1f68c.png
ambulance,https://emojipedia-us.s3.dualstack.us-west-1.amazonaws.com/thumbs/72/au-kddi/190/ambulance_1f691.png
fire_engine,https://emojipedia-us.s3.dualstack.us-west-1.amazonaws.com/thumbs/72/au-kddi/190/fire-engine_1f692.png
police_car,https://emojipedia-us.s3.dualstack.us-west-1.amazonaws.com/thumbs/72/au-kddi/190/police-car_1f693.png
automobile,https://emojipedia-us.s3.dualstack.us-west-1.amazonaws.com/thumbs/72/au-kddi/190/automobile_1f697.png
delivery_truck,https://emojipedia-us.s3.dualstack.us-west-1.amazonaws.com/thumbs/72/au-kddi/190/delivery-truck_1f69a.png
bicycle,https://emojipedia-us.s3.dualstack.us-west-1.amazonaws.com/thumbs/72/au-kddi/190/bicycle_1f6b2.png
bus_stop,https://emojipedia-us.s3.dualstack.us-west-1.amazonaws.com/thumbs/72/au-kddi/190/bus-stop_1f68f.png
fuel_pump,https://emojipedia-us.s3.dualstack.us-west-1.amazonaws.com/thumbs/72/au-kddi/190/fuel-pump_26fd.png
police_car_light,https://emojipedia-us.s3.dualstack.us-west-1.amazonaws.com/thumbs/72/au-kddi/190/police-cars-revolving-light_1f6a8.png
horizontal_traffic_light,https://emojipedia-us.s3.dualstack.us-west-1.amazonaws.com/thumbs/72/au-kddi/190/horizontal-traffic-light_1f6a5.png
construction,https://emojipedia-us.s3.dualstack.us-west-1.amazonaws.com/thumbs/72/au-kddi/190/construction-sign_1f6a7.png
anchor,https://emojipedia-us.s3.dualstack.us-west-1.amazonaws.com/thumbs/72/au-kddi/190/anchor_2693.png
sailboat,https://emojipedia-us.s3.dualstack.us-west-1.amazonaws.com/thumbs/72/au-kddi/190/sailboat_26f5.png
ship,https://emojipedia-us.s3.dualstack.us-west-1.amazonaws.com/thumbs/72/au-kddi/190/ship_1f6a2.png
airplane,https://emojipedia-us.s3.dualstack.us-west-1.amazonaws.com/thumbs/72/au-kddi/190/airplane_2708.png
rocket,https://emojipedia-us.s3.dualstack.us-west-1.amazonaws.com/thumbs/72/au-kddi/190/rocket_1f680.png
hourglass_done,https://emojipedia-us.s3.dualstack.us-west-1.amazonaws.com/thumbs/72/au-kddi/190/hourglass_231b.png
hourglass_not_done,https://emojipedia-us.s3.dualstack.us-west-1.amazonaws.com/thumbs/72/au-kddi/190/hourglass-with-flowing-sand_23f3.png
watch,https://emojipedia-us.s3.dualstack.us-west-1.amazonaws.com/thumbs/72/au-kddi/190/watch_231a.png
alarm_clock,https://emojipedia-us.s3.dualstack.us-west-1.amazonaws.com/thumbs/72/au-kddi/190/alarm-clock_23f0.png
new_moon,https://emojipedia-us.s3.dualstack.us-west-1.amazonaws.com/thumbs/72/au-kddi/190/new-moon-symbol_1f311.png
first_quarter_moon,https://emojipedia-us.s3.dualstack.us-west-1.amazonaws.com/thumbs/72/au-kddi/190/first-quarter-moon-symbol_1f313.png
waxing_gibbous_moon,https://emojipedia-us.s3.dualstack.us-west-1.amazonaws.com/thumbs/72/au-kddi/190/waxing-gibbous-moon-symbol_1f314.png
crescent_moon,https://emojipedia-us.s3.dualstack.us-west-1.amazonaws.com/thumbs/72/au-kddi/190/crescent-moon_1f319.png
first_quarter_moon_face,https://emojipedia-us.s3.dualstack.us-west-1.amazonaws.com/thumbs/72/au-kddi/190/first-quarter-moon-with-face_1f31b.png
sun,https://emojipedia-us.s3.dualstack.us-west-1.amazonaws.com/thumbs/72/au-kddi/190/black-sun-with-rays_2600.png
star,https://emojipedia-us.s3.dualstack.us-west-1.amazonaws.com/thumbs/72/au-kddi/190/white-medium-star_2b50.png
shooting_star,https://emojipedia-us.s3.dualstack.us-west-1.amazonaws.com/thumbs/72/au-kddi/190/shooting-star_1f320.png
milky_way,https://emojipedia-us.s3.dualstack.us-west-1.amazonaws.com/thumbs/72/au-kddi/190/milky-way_1f30c.png
cloud,https://emojipedia-us.s3.dualstack.us-west-1.amazonaws.com/thumbs/72/au-kddi/190/cloud_2601.png
sun_behind_cloud,https://emojipedia-us.s3.dualstack.us-west-1.amazonaws.com/thumbs/72/au-kddi/190/sun-behind-cloud_26c5.png
cyclone,https://emojipedia-us.s3.dualstack.us-west-1.amazonaws.com/thumbs/72/au-kddi/190/cyclone_1f300.png
rainbow,https://emojipedia-us.s3.dualstack.us-west-1.amazonaws.com/thumbs/72/au-kddi/190/rainbow_1f308.png
closed_umbrella,https://emojipedia-us.s3.dualstack.us-west-1.amazonaws.com/thumbs/72/au-kddi/190/closed-umbrella_1f302.png
umbrella_with_rain_drops,https://emojipedia-us.s3.dualstack.us-west-1.amazonaws.com/thumbs/72/au-kddi/190/umbrella-with-rain-drops_2614.png
high_voltage,https://emojipedia-us.s3.dualstack.us-west-1.amazonaws.com/thumbs/72/au-kddi/190/high-voltage-sign_26a1.png
snowflake,https://emojipedia-us.s3.dualstack.us-west-1.amazonaws.com/thumbs/72/au-kddi/190/snowflake_2744.png
snowman_without_snow,https://emojipedia-us.s3.dualstack.us-west-1.amazonaws.com/thumbs/72/au-kddi/190/snowman-without-snow_26c4.png
fire,https://emojipedia-us.s3.dualstack.us-west-1.amazonaws.com/thumbs/72/au-kddi/190/fire_1f525.png
droplet,https://emojipedia-us.s3.dualstack.us-west-1.amazonaws.com/thumbs/72/au-kddi/190/droplet_1f4a7.png
water_wave,https://emojipedia-us.s3.dualstack.us-west-1.amazonaws.com/thumbs/72/au-kddi/190/water-wave_1f30a.png
jack_o_lantern,https://emojipedia-us.s3.dualstack.us-west-1.amazonaws.com/thumbs/72/au-kddi/190/jack-o-lantern_1f383.png
christmas_tree,https://emojipedia-us.s3.dualstack.us-west-1.amazonaws.com/thumbs/72/au-kddi/190/christmas-tree_1f384.png
fireworks,https://emojipedia-us.s3.dualstack.us-west-1.amazonaws.com/thumbs/72/au-kddi/190/fireworks_1f386.png
sparkler,https://emojipedia-us.s3.dualstack.us-west-1.amazonaws.com/thumbs/72/au-kddi/190/firework-sparkler_1f387.png
sparkles,https://emojipedia-us.s3.dualstack.us-west-1.amazonaws.com/thumbs/72/au-kddi/190/sparkles_2728.png
balloon,https://emojipedia-us.s3.dualstack.us-west-1.amazonaws.com/thumbs/72/au-kddi/190/balloon_1f388.png
party_popper,https://emojipedia-us.s3.dualstack.us-west-1.amazonaws.com/thumbs/72/au-kddi/190/party-popper_1f389.png
confetti_ball,https://emojipedia-us.s3.dualstack.us-west-1.amazonaws.com/thumbs/72/au-kddi/190/confetti-ball_1f38a.png
tanabata_tree,https://emojipedia-us.s3.dualstack.us-west-1.amazonaws.com/thumbs/72/au-kddi/190/tanabata-tree_1f38b.png
pine_decoration,https://emojipedia-us.s3.dualstack.us-west-1.amazonaws.com/thumbs/72/au-kddi/190/pine-decoration_1f38d.png
japanese_dolls,https://emojipedia-us.s3.dualstack.us-west-1.amazonaws.com/thumbs/72/au-kddi/190/japanese-dolls_1f38e.png
carp_streamer,https://emojipedia-us.s3.dualstack.us-west-1.amazonaws.com/thumbs/72/au-kddi/190/carp-streamer_1f38f.png
wind_chime,https://emojipedia-us.s3.dualstack.us-west-1.amazonaws.com/thumbs/72/au-kddi/190/wind-chime_1f390.png
moon_viewing_ceremony,https://emojipedia-us.s3.dualstack.us-west-1.amazonaws.com/thumbs/72/au-kddi/190/moon-viewing-ceremony_1f391.png
ribbon,https://emojipedia-us.s3.dualstack.us-west-1.amazonaws.com/thumbs/72/au-kddi/190/ribbon_1f380.png
wrapped_gift,https://emojipedia-us.s3.dualstack.us-west-1.amazonaws.com/thumbs/72/au-kddi/190/wrapped-present_1f381.png
ticket,https://emojipedia-us.s3.dualstack.us-west-1.amazonaws.com/thumbs/72/au-kddi/190/ticket_1f3ab.png
trophy,https://emojipedia-us.s3.dualstack.us-west-1.amazonaws.com/thumbs/72/au-kddi/190/trophy_1f3c6.png
soccer_ball,https://emojipedia-us.s3.dualstack.us-west-1.amazonaws.com/thumbs/72/au-kddi/190/soccer-ball_26bd.png
baseball,https://emojipedia-us.s3.dualstack.us-west-1.amazonaws.com/thumbs/72/au-kddi/190/baseball_26be.png
basketball,https://emojipedia-us.s3.dualstack.us-west-1.amazonaws.com/thumbs/72/au-kddi/190/basketball-and-hoop_1f3c0.png
american_football,https://emojipedia-us.s3.dualstack.us-west-1.amazonaws.com/thumbs/72/au-kddi/190/american-football_1f3c8.png
tennis,https://emojipedia-us.s3.dualstack.us-west-1.amazonaws.com/thumbs/72/au-kddi/190/tennis-racquet-and-ball_1f3be.png
bowling,https://emojipedia-us.s3.dualstack.us-west-1.amazonaws.com/thumbs/72/au-kddi/190/bowling_1f3b3.png
flag_in_hole,https://emojipedia-us.s3.dualstack.us-west-1.amazonaws.com/thumbs/72/au-kddi/190/flag-in-hole_26f3.png
fishing_pole,https://emojipedia-us.s3.dualstack.us-west-1.amazonaws.com/thumbs/72/au-kddi/190/fishing-pole-and-fish_1f3a3.png
skis,https://emojipedia-us.s3.dualstack.us-west-1.amazonaws.com/thumbs/72/au-kddi/190/ski-and-ski-boot_1f3bf.png
bullseye,https://emojipedia-us.s3.dualstack.us-west-1.amazonaws.com/thumbs/72/au-kddi/190/direct-hit_1f3af.png
pool_8_ball,https://emojipedia-us.s3.dualstack.us-west-1.amazonaws.com/thumbs/72/au-kddi/190/billiards_1f3b1.png
crystal_ball,https://emojipedia-us.s3.dualstack.us-west-1.amazonaws.com/thumbs/72/au-kddi/190/crystal-ball_1f52e.png
video_game,https://emojipedia-us.s3.dualstack.us-west-1.amazonaws.com/thumbs/72/au-kddi/190/video-game_1f3ae.png
slot_machine,https://emojipedia-us.s3.dualstack.us-west-1.amazonaws.com/thumbs/72/au-kddi/190/slot-machine_1f3b0.png
game_die,https://emojipedia-us.s3.dualstack.us-west-1.amazonaws.com/thumbs/72/au-kddi/190/game-die_1f3b2.png
spade_suit,https://emojipedia-us.s3.dualstack.us-west-1.amazonaws.com/thumbs/72/au-kddi/190/black-spade-suit_2660.png
heart_suit,https://emojipedia-us.s3.dualstack.us-west-1.amazonaws.com/thumbs/72/au-kddi/190/black-heart-suit_2665.png
diamond_suit,https://emojipedia-us.s3.dualstack.us-west-1.amazonaws.com/thumbs/72/au-kddi/190/black-diamond-suit_2666.png
club_suit,https://emojipedia-us.s3.dualstack.us-west-1.amazonaws.com/thumbs/72/au-kddi/190/black-club-suit_2663.png
joker,https://emojipedia-us.s3.dualstack.us-west-1.amazonaws.com/thumbs/72/au-kddi/190/playing-card-black-joker_1f0cf.png
mahjong_red_dragon,https://emojipedia-us.s3.dualstack.us-west-1.amazonaws.com/thumbs/72/au-kddi/190/mahjong-tile-red-dragon_1f004.png
flower_playing_cards,https://emojipedia-us.s3.dualstack.us-west-1.amazonaws.com/thumbs/72/au-kddi/190/flower-playing-cards_1f3b4.png
performing_arts,https://emojipedia-us.s3.dualstack.us-west-1.amazonaws.com/thumbs/72/au-kddi/190/performing-arts_1f3ad.png
artist_palette,https://emojipedia-us.s3.dualstack.us-west-1.amazonaws.com/thumbs/72/au-kddi/190/artist-palette_1f3a8.png
glasses,https://emojipedia-us.s3.dualstack.us-west-1.amazonaws.com/thumbs/72/au-kddi/190/eyeglasses_1f453.png
necktie,https://emojipedia-us.s3.dualstack.us-west-1.amazonaws.com/thumbs/72/au-kddi/190/necktie_1f454.png
t_shirt,https://emojipedia-us.s3.dualstack.us-west-1.amazonaws.com/thumbs/72/au-kddi/190/t-shirt_1f455.png
jeans,https://emojipedia-us.s3.dualstack.us-west-1.amazonaws.com/thumbs/72/au-kddi/190/jeans_1f456.png
dress,https://emojipedia-us.s3.dualstack.us-west-1.amazonaws.com/thumbs/72/au-kddi/190/dress_1f457.png
kimono,https://emojipedia-us.s3.dualstack.us-west-1.amazonaws.com/thumbs/72/au-kddi/190/kimono_1f458.png
bikini,https://emojipedia-us.s3.dualstack.us-west-1.amazonaws.com/thumbs/72/au-kddi/190/bikini_1f459.png
womans_clothes,https://emojipedia-us.s3.dualstack.us-west-1.amazonaws.com/thumbs/72/au-kddi/190/womans-clothes_1f45a.png
purse,https://emojipedia-us.s3.dualstack.us-west-1.amazonaws.com/thumbs/72/au-kddi/190/purse_1f45b.png
handbag,https://emojipedia-us.s3.dualstack.us-west-1.amazonaws.com/thumbs/72/au-kddi/190/handbag_1f45c.png
backpack,https://emojipedia-us.s3.dualstack.us-west-1.amazonaws.com/thumbs/72/au-kddi/190/school-satchel_1f392.png
mans_shoe,https://emojipedia-us.s3.dualstack.us-west-1.amazonaws.com/thumbs/72/au-kddi/190/mans-shoe_1f45e.png
running_shoe,https://emojipedia-us.s3.dualstack.us-west-1.amazonaws.com/thumbs/72/au-kddi/190/athletic-shoe_1f45f.png
high_heeled_shoe,https://emojipedia-us.s3.dualstack.us-west-1.amazonaws.com/thumbs/72/au-kddi/190/high-heeled-shoe_1f460.png
womans_boot,https://emojipedia-us.s3.dualstack.us-west-1.amazonaws.com/thumbs/72/au-kddi/190/womans-boots_1f462.png
crown,https://emojipedia-us.s3.dualstack.us-west-1.amazonaws.com/thumbs/72/au-kddi/190/crown_1f451.png
womans_hat,https://emojipedia-us.s3.dualstack.us-west-1.amazonaws.com/thumbs/72/au-kddi/190/womans-hat_1f452.png
top_hat,https://emojipedia-us.s3.dualstack.us-west-1.amazonaws.com/thumbs/72/au-kddi/190/top-hat_1f3a9.png
graduation_cap,https://emojipedia-us.s3.dualstack.us-west-1.amazonaws.com/thumbs/72/au-kddi/190/graduation-cap_1f393.png
lipstick,https://emojipedia-us.s3.dualstack.us-west-1.amazonaws.com/thumbs/72/au-kddi/190/lipstick_1f484.png
ring,https://emojipedia-us.s3.dualstack.us-west-1.amazonaws.com/thumbs/72/au-kddi/190/ring_1f48d.png
megaphone,https://emojipedia-us.s3.dualstack.us-west-1.amazonaws.com/thumbs/72/au-kddi/190/cheering-megaphone_1f4e3.png
bell,https://emojipedia-us.s3.dualstack.us-west-1.amazonaws.com/thumbs/72/au-kddi/190/bell_1f514.png
musical_score,https://emojipedia-us.s3.dualstack.us-west-1.amazonaws.com/thumbs/72/au-kddi/190/musical-score_1f3bc.png
musical_note,https://emojipedia-us.s3.dualstack.us-west-1.amazonaws.com/thumbs/72/au-kddi/190/musical-note_1f3b5.png
musical_notes,https://emojipedia-us.s3.dualstack.us-west-1.amazonaws.com/thumbs/72/au-kddi/190/multiple-musical-notes_1f3b6.png
microphone,https://emojipedia-us.s3.dualstack.us-west-1.amazonaws.com/thumbs/72/au-kddi/190/microphone_1f3a4.png
headphone,https://emojipedia-us.s3.dualstack.us-west-1.amazonaws.com/thumbs/72/au-kddi/190/headphone_1f3a7.png
radio,https://emojipedia-us.s3.dualstack.us-west-1.amazonaws.com/thumbs/72/au-kddi/190/radio_1f4fb.png
guitar,https://emojipedia-us.s3.dualstack.us-west-1.amazonaws.com/thumbs/72/au-kddi/190/guitar_1f3b8.png
musical_keyboard,https://emojipedia-us.s3.dualstack.us-west-1.amazonaws.com/thumbs/72/au-kddi/190/musical-keyboard_1f3b9.png
trumpet,https://emojipedia-us.s3.dualstack.us-west-1.amazonaws.com/thumbs/72/au-kddi/190/trumpet_1f3ba.png
violin,https://emojipedia-us.s3.dualstack.us-west-1.amazonaws.com/thumbs/72/au-kddi/190/violin_1f3bb.png
mobile_phone,https://emojipedia-us.s3.dualstack.us-west-1.amazonaws.com/thumbs/72/au-kddi/190/mobile-phone_1f4f1.png
mobile_phone_with_arrow,https://emojipedia-us.s3.dualstack.us-west-1.amazonaws.com/thumbs/72/au-kddi/190/mobile-phone-with-rightwards-arrow-at-left_1f4f2.png
telephone,https://emojipedia-us.s3.dualstack.us-west-1.amazonaws.com/thumbs/72/au-kddi/190/black-telephone_260e.png
telephone_receiver,https://emojipedia-us.s3.dualstack.us-west-1.amazonaws.com/thumbs/72/au-kddi/190/telephone-receiver_1f4de.png
pager,https://emojipedia-us.s3.dualstack.us-west-1.amazonaws.com/thumbs/72/au-kddi/190/pager_1f4df.png
fax_machine,https://emojipedia-us.s3.dualstack.us-west-1.amazonaws.com/thumbs/72/au-kddi/190/fax-machine_1f4e0.png
battery,https://emojipedia-us.s3.dualstack.us-west-1.amazonaws.com/thumbs/72/au-kddi/190/battery_1f50b.png
electric_plug,https://emojipedia-us.s3.dualstack.us-west-1.amazonaws.com/thumbs/72/au-kddi/190/electric-plug_1f50c.png
laptop,https://emojipedia-us.s3.dualstack.us-west-1.amazonaws.com/thumbs/72/au-kddi/190/personal-computer_1f4bb.png
computer_disk,https://emojipedia-us.s3.dualstack.us-west-1.amazonaws.com/thumbs/72/au-kddi/190/minidisc_1f4bd.png
floppy_disk,https://emojipedia-us.s3.dualstack.us-west-1.amazonaws.com/thumbs/72/au-kddi/190/floppy-disk_1f4be.png
optical_disk,https://emojipedia-us.s3.dualstack.us-west-1.amazonaws.com/thumbs/72/au-kddi/190/optical-disc_1f4bf.png
movie_camera,https://emojipedia-us.s3.dualstack.us-west-1.amazonaws.com/thumbs/72/au-kddi/190/movie-camera_1f3a5.png
clapper_board,https://emojipedia-us.s3.dualstack.us-west-1.amazonaws.com/thumbs/72/au-kddi/190/clapper-board_1f3ac.png
television,https://emojipedia-us.s3.dualstack.us-west-1.amazonaws.com/thumbs/72/au-kddi/190/television_1f4fa.png
camera,https://emojipedia-us.s3.dualstack.us-west-1.amazonaws.com/thumbs/72/au-kddi/190/camera_1f4f7.png
video_camera,https://emojipedia-us.s3.dualstack.us-west-1.amazonaws.com/thumbs/72/au-kddi/190/video-camera_1f4f9.png
videocassette,https://emojipedia-us.s3.dualstack.us-west-1.amazonaws.com/thumbs/72/au-kddi/190/videocassette_1f4fc.png
magnifying_glass_tilted_left,https://emojipedia-us.s3.dualstack.us-west-1.amazonaws.com/thumbs/72/au-kddi/190/left-pointing-magnifying-glass_1f50d.png
magnifying_glass_tilted_right,https://emojipedia-us.s3.dualstack.us-west-1.amazonaws.com/thumbs/72/au-kddi/190/right-pointing-magnifying-glass_1f50e.png
light_bulb,https://emojipedia-us.s3.dualstack.us-west-1.amazonaws.com/thumbs/72/au-kddi/190/electric-light-bulb_1f4a1.png
flashlight,https://emojipedia-us.s3.dualstack.us-west-1.amazonaws.com/thumbs/72/au-kddi/190/electric-torch_1f526.png
red_paper_lantern,https://emojipedia-us.s3.dualstack.us-west-1.amazonaws.com/thumbs/72/au-kddi/190/izakaya-lantern_1f3ee.png
notebook_with_decorative_cover,https://emojipedia-us.s3.dualstack.us-west-1.amazonaws.com/thumbs/72/au-kddi/190/notebook-with-decorative-cover_1f4d4.png
closed_book,https://emojipedia-us.s3.dualstack.us-west-1.amazonaws.com/thumbs/72/au-kddi/190/closed-book_1f4d5.png
open_book,https://emojipedia-us.s3.dualstack.us-west-1.amazonaws.com/thumbs/72/au-kddi/190/open-book_1f4d6.png
green_book,https://emojipedia-us.s3.dualstack.us-west-1.amazonaws.com/thumbs/72/au-kddi/190/green-book_1f4d7.png
blue_book,https://emojipedia-us.s3.dualstack.us-west-1.amazonaws.com/thumbs/72/au-kddi/190/blue-book_1f4d8.png
orange_book,https://emojipedia-us.s3.dualstack.us-west-1.amazonaws.com/thumbs/72/au-kddi/190/orange-book_1f4d9.png
books,https://emojipedia-us.s3.dualstack.us-west-1.amazonaws.com/thumbs/72/au-kddi/190/books_1f4da.png
notebook,https://emojipedia-us.s3.dualstack.us-west-1.amazonaws.com/thumbs/72/au-kddi/190/notebook_1f4d3.png
ledger,https://emojipedia-us.s3.dualstack.us-west-1.amazonaws.com/thumbs/72/au-kddi/190/ledger_1f4d2.png
page_with_curl,https://emojipedia-us.s3.dualstack.us-west-1.amazonaws.com/thumbs/72/au-kddi/190/page-with-curl_1f4c3.png
scroll,https://emojipedia-us.s3.dualstack.us-west-1.amazonaws.com/thumbs/72/au-kddi/190/scroll_1f4dc.png
page_facing_up,https://emojipedia-us.s3.dualstack.us-west-1.amazonaws.com/thumbs/72/au-kddi/190/page-facing-up_1f4c4.png
newspaper,https://emojipedia-us.s3.dualstack.us-west-1.amazonaws.com/thumbs/72/au-kddi/190/newspaper_1f4f0.png
bookmark_tabs,https://emojipedia-us.s3.dualstack.us-west-1.amazonaws.com/thumbs/72/au-kddi/190/bookmark-tabs_1f4d1.png
bookmark,https://emojipedia-us.s3.dualstack.us-west-1.amazonaws.com/thumbs/72/au-kddi/190/bookmark_1f516.png
money_bag,https://emojipedia-us.s3.dualstack.us-west-1.amazonaws.com/thumbs/72/au-kddi/190/money-bag_1f4b0.png
yen_banknote,https://emojipedia-us.s3.dualstack.us-west-1.amazonaws.com/thumbs/72/au-kddi/190/banknote-with-yen-sign_1f4b4.png
dollar_banknote,https://emojipedia-us.s3.dualstack.us-west-1.amazonaws.com/thumbs/72/au-kddi/190/banknote-with-dollar-sign_1f4b5.png
money_with_wings,https://emojipedia-us.s3.dualstack.us-west-1.amazonaws.com/thumbs/72/au-kddi/190/money-with-wings_1f4b8.png
credit_card,https://emojipedia-us.s3.dualstack.us-west-1.amazonaws.com/thumbs/72/au-kddi/190/credit-card_1f4b3.png
chart_increasing_with_yen,https://emojipedia-us.s3.dualstack.us-west-1.amazonaws.com/thumbs/72/au-kddi/190/chart-with-upwards-trend-and-yen-sign_1f4b9.png
envelope,https://emojipedia-us.s3.dualstack.us-west-1.amazonaws.com/thumbs/72/au-kddi/190/envelope_2709.png
e_mail,https://emojipedia-us.s3.dualstack.us-west-1.amazonaws.com/thumbs/72/au-kddi/190/e-mail-symbol_1f4e7.png
incoming_envelope,https://emojipedia-us.s3.dualstack.us-west-1.amazonaws.com/thumbs/72/au-kddi/190/incoming-envelope_1f4e8.png
envelope_with_arrow,https://emojipedia-us.s3.dualstack.us-west-1.amazonaws.com/thumbs/72/au-kddi/190/envelope-with-downwards-arrow-above_1f4e9.png
outbox_tray,https://emojipedia-us.s3.dualstack.us-west-1.amazonaws.com/thumbs/72/au-kddi/190/outbox-tray_1f4e4.png
inbox_tray,https://emojipedia-us.s3.dualstack.us-west-1.amazonaws.com/thumbs/72/au-kddi/190/inbox-tray_1f4e5.png
package,https://emojipedia-us.s3.dualstack.us-west-1.amazonaws.com/thumbs/72/au-kddi/190/package_1f4e6.png
closed_mailbox_with_raised_flag,https://emojipedia-us.s3.dualstack.us-west-1.amazonaws.com/thumbs/72/au-kddi/190/closed-mailbox-with-raised-flag_1f4eb.png
closed_mailbox_with_lowered_flag,https://emojipedia-us.s3.dualstack.us-west-1.amazonaws.com/thumbs/72/au-kddi/190/closed-mailbox-with-lowered-flag_1f4ea.png
pencil,https://emojipedia-us.s3.dualstack.us-west-1.amazonaws.com/thumbs/72/au-kddi/190/pencil_270f.png
black_nib,https://emojipedia-us.s3.dualstack.us-west-1.amazonaws.com/thumbs/72/au-kddi/190/black-nib_2712.png
memo,https://emojipedia-us.s3.dualstack.us-west-1.amazonaws.com/thumbs/72/au-kddi/190/memo_1f4dd.png
briefcase,https://emojipedia-us.s3.dualstack.us-west-1.amazonaws.com/thumbs/72/au-kddi/190/briefcase_1f4bc.png
file_folder,https://emojipedia-us.s3.dualstack.us-west-1.amazonaws.com/thumbs/72/au-kddi/190/file-folder_1f4c1.png
open_file_folder,https://emojipedia-us.s3.dualstack.us-west-1.amazonaws.com/thumbs/72/au-kddi/190/open-file-folder_1f4c2.png
calendar,https://emojipedia-us.s3.dualstack.us-west-1.amazonaws.com/thumbs/72/au-kddi/190/calendar_1f4c5.png
tear_off_calendar,https://emojipedia-us.s3.dualstack.us-west-1.amazonaws.com/thumbs/72/au-kddi/190/tear-off-calendar_1f4c6.png
card_index,https://emojipedia-us.s3.dualstack.us-west-1.amazonaws.com/thumbs/72/au-kddi/190/card-index_1f4c7.png
chart_increasing,https://emojipedia-us.s3.dualstack.us-west-1.amazonaws.com/thumbs/72/au-kddi/190/chart-with-upwards-trend_1f4c8.png
chart_decreasing,https://emojipedia-us.s3.dualstack.us-west-1.amazonaws.com/thumbs/72/au-kddi/190/chart-with-downwards-trend_1f4c9.png
bar_chart,https://emojipedia-us.s3.dualstack.us-west-1.amazonaws.com/thumbs/72/au-kddi/190/bar-chart_1f4ca.png
clipboard,https://emojipedia-us.s3.dualstack.us-west-1.amazonaws.com/thumbs/72/au-kddi/190/clipboard_1f4cb.png
pushpin,https://emojipedia-us.s3.dualstack.us-west-1.amazonaws.com/thumbs/72/au-kddi/190/pushpin_1f4cc.png
round_pushpin,https://emojipedia-us.s3.dualstack.us-west-1.amazonaws.com/thumbs/72/au-kddi/190/round-pushpin_1f4cd.png
paperclip,https://emojipedia-us.s3.dualstack.us-west-1.amazonaws.com/thumbs/72/au-kddi/190/paperclip_1f4ce.png
straight_ruler,https://emojipedia-us.s3.dualstack.us-west-1.amazonaws.com/thumbs/72/au-kddi/190/straight-ruler_1f4cf.png
triangular_ruler,https://emojipedia-us.s3.dualstack.us-west-1.amazonaws.com/thumbs/72/au-kddi/190/triangular-ruler_1f4d0.png
scissors,https://emojipedia-us.s3.dualstack.us-west-1.amazonaws.com/thumbs/72/au-kddi/190/black-scissors_2702.png
locked,https://emojipedia-us.s3.dualstack.us-west-1.amazonaws.com/thumbs/72/au-kddi/190/lock_1f512.png
locked_with_pen,https://emojipedia-us.s3.dualstack.us-west-1.amazonaws.com/thumbs/72/au-kddi/190/lock-with-ink-pen_1f50f.png
locked_with_key,https://emojipedia-us.s3.dualstack.us-west-1.amazonaws.com/thumbs/72/au-kddi/190/closed-lock-with-key_1f510.png
key,https://emojipedia-us.s3.dualstack.us-west-1.amazonaws.com/thumbs/72/au-kddi/190/key_1f511.png
hammer,https://emojipedia-us.s3.dualstack.us-west-1.amazonaws.com/thumbs/72/au-kddi/190/hammer_1f528.png
water_pistol,https://emojipedia-us.s3.dualstack.us-west-1.amazonaws.com/thumbs/72/au-kddi/190/pistol_1f52b.png
wrench,https://emojipedia-us.s3.dualstack.us-west-1.amazonaws.com/thumbs/72/au-kddi/190/wrench_1f527.png
nut_and_bolt,https://emojipedia-us.s3.dualstack.us-west-1.amazonaws.com/thumbs/72/au-kddi/190/nut-and-bolt_1f529.png
link,https://emojipedia-us.s3.dualstack.us-west-1.amazonaws.com/thumbs/72/au-kddi/190/link-symbol_1f517.png
satellite_antenna,https://emojipedia-us.s3.dualstack.us-west-1.amazonaws.com/thumbs/72/au-kddi/190/satellite-antenna_1f4e1.png
syringe,https://emojipedia-us.s3.dualstack.us-west-1.amazonaws.com/thumbs/72/au-kddi/190/syringe_1f489.png
pill,https://emojipedia-us.s3.dualstack.us-west-1.amazonaws.com/thumbs/72/au-kddi/190/pill_1f48a.png
cigarette,https://emojipedia-us.s3.dualstack.us-west-1.amazonaws.com/thumbs/72/au-kddi/190/smoking-symbol_1f6ac.png
moai,https://emojipedia-us.s3.dualstack.us-west-1.amazonaws.com/thumbs/72/au-kddi/190/moyai_1f5ff.png
atm_sign,https://emojipedia-us.s3.dualstack.us-west-1.amazonaws.com/thumbs/72/au-kddi/190/automated-teller-machine_1f3e7.png
wheelchair_symbol,https://emojipedia-us.s3.dualstack.us-west-1.amazonaws.com/thumbs/72/au-kddi/190/wheelchair-symbol_267f.png
restroom,https://emojipedia-us.s3.dualstack.us-west-1.amazonaws.com/thumbs/72/au-kddi/190/restroom_1f6bb.png
warning,https://emojipedia-us.s3.dualstack.us-west-1.amazonaws.com/thumbs/72/au-kddi/190/warning-sign_26a0.png
no_entry,https://emojipedia-us.s3.dualstack.us-west-1.amazonaws.com/thumbs/72/au-kddi/190/no-entry_26d4.png
prohibited,https://emojipedia-us.s3.dualstack.us-west-1.amazonaws.com/thumbs/72/au-kddi/190/no-entry-sign_1f6ab.png
no_smoking,https://emojipedia-us.s3.dualstack.us-west-1.amazonaws.com/thumbs/72/au-kddi/190/no-smoking-symbol_1f6ad.png
no_one_under_eighteen,https://emojipedia-us.s3.dualstack.us-west-1.amazonaws.com/thumbs/72/au-kddi/190/no-one-under-eighteen-symbol_1f51e.png
up_arrow,https://emojipedia-us.s3.dualstack.us-west-1.amazonaws.com/thumbs/72/au-kddi/190/upwards-black-arrow_2b06.png
up_right_arrow,https://emojipedia-us.s3.dualstack.us-west-1.amazonaws.com/thumbs/72/au-kddi/190/north-east-arrow_2197.png
right_arrow,https://emojipedia-us.s3.dualstack.us-west-1.amazonaws.com/thumbs/72/au-kddi/190/black-rightwards-arrow_27a1.png
down_right_arrow,https://emojipedia-us.s3.dualstack.us-west-1.amazonaws.com/thumbs/72/au-kddi/190/south-east-arrow_2198.png
down_arrow,https://emojipedia-us.s3.dualstack.us-west-1.amazonaws.com/thumbs/72/au-kddi/190/downwards-black-arrow_2b07.png
down_left_arrow,https://emojipedia-us.s3.dualstack.us-west-1.amazonaws.com/thumbs/72/au-kddi/190/south-west-arrow_2199.png
left_arrow,https://emojipedia-us.s3.dualstack.us-west-1.amazonaws.com/thumbs/72/au-kddi/190/leftwards-black-arrow_2b05.png
up_left_arrow,https://emojipedia-us.s3.dualstack.us-west-1.amazonaws.com/thumbs/72/au-kddi/190/north-west-arrow_2196.png
up_down_arrow,https://emojipedia-us.s3.dualstack.us-west-1.amazonaws.com/thumbs/72/au-kddi/190/up-down-arrow_2195.png
left_right_arrow,https://emojipedia-us.s3.dualstack.us-west-1.amazonaws.com/thumbs/72/au-kddi/190/left-right-arrow_2194.png
right_arrow_curving_left,https://emojipedia-us.s3.dualstack.us-west-1.amazonaws.com/thumbs/72/au-kddi/190/leftwards-arrow-with-hook_21a9.png
left_arrow_curving_right,https://emojipedia-us.s3.dualstack.us-west-1.amazonaws.com/thumbs/72/au-kddi/190/rightwards-arrow-with-hook_21aa.png
right_arrow_curving_up,https://emojipedia-us.s3.dualstack.us-west-1.amazonaws.com/thumbs/72/au-kddi/190/arrow-pointing-rightwards-then-curving-upwards_2934.png
right_arrow_curving_down,https://emojipedia-us.s3.dualstack.us-west-1.amazonaws.com/thumbs/72/au-kddi/190/arrow-pointing-rightwards-then-curving-downwards_2935.png
clockwise_vertical_arrows,https://emojipedia-us.s3.dualstack.us-west-1.amazonaws.com/thumbs/72/au-kddi/190/clockwise-downwards-and-upwards-open-circle-arrows_1f503.png
back_arrow,https://emojipedia-us.s3.dualstack.us-west-1.amazonaws.com/thumbs/72/au-kddi/190/back-with-leftwards-arrow-above_1f519.png
aries,https://emojipedia-us.s3.dualstack.us-west-1.amazonaws.com/thumbs/72/au-kddi/190/aries_2648.png
taurus,https://emojipedia-us.s3.dualstack.us-west-1.amazonaws.com/thumbs/72/au-kddi/190/taurus_2649.png
gemini,https://emojipedia-us.s3.dualstack.us-west-1.amazonaws.com/thumbs/72/au-kddi/190/gemini_264a.png
cancer,https://emojipedia-us.s3.dualstack.us-west-1.amazonaws.com/thumbs/72/au-kddi/190/cancer_264b.png
leo,https://emojipedia-us.s3.dualstack.us-west-1.amazonaws.com/thumbs/72/au-kddi/190/leo_264c.png
virgo,https://emojipedia-us.s3.dualstack.us-west-1.amazonaws.com/thumbs/72/au-kddi/190/virgo_264d.png
libra,https://emojipedia-us.s3.dualstack.us-west-1.amazonaws.com/thumbs/72/au-kddi/190/libra_264e.png
scorpio,https://emojipedia-us.s3.dualstack.us-west-1.amazonaws.com/thumbs/72/au-kddi/190/scorpius_264f.png
sagittarius,https://emojipedia-us.s3.dualstack.us-west-1.amazonaws.com/thumbs/72/au-kddi/190/sagittarius_2650.png
capricorn,https://emojipedia-us.s3.dualstack.us-west-1.amazonaws.com/thumbs/72/au-kddi/190/capricorn_2651.png
aquarius,https://emojipedia-us.s3.dualstack.us-west-1.amazonaws.com/thumbs/72/au-kddi/190/aquarius_2652.png
pisces,https://emojipedia-us.s3.dualstack.us-west-1.amazonaws.com/thumbs/72/au-kddi/190/pisces_2653.png
ophiuchus,https://emojipedia-us.s3.dualstack.us-west-1.amazonaws.com/thumbs/72/au-kddi/190/ophiuchus_26ce.png
play_button,https://emojipedia-us.s3.dualstack.us-west-1.amazonaws.com/thumbs/72/au-kddi/190/black-right-pointing-triangle_25b6.png
fast_forward_button,https://emojipedia-us.s3.dualstack.us-west-1.amazonaws.com/thumbs/72/au-kddi/190/black-right-pointing-double-triangle_23e9.png
reverse_button,https://emojipedia-us.s3.dualstack.us-west-1.amazonaws.com/thumbs/72/au-kddi/190/black-left-pointing-triangle_25c0.png
fast_reverse_button,https://emojipedia-us.s3.dualstack.us-west-1.amazonaws.com/thumbs/72/au-kddi/190/black-left-pointing-double-triangle_23ea.png
upwards_button,https://emojipedia-us.s3.dualstack.us-west-1.amazonaws.com/thumbs/72/au-kddi/190/up-pointing-small-red-triangle_1f53c.png
fast_up_button,https://emojipedia-us.s3.dualstack.us-west-1.amazonaws.com/thumbs/72/au-kddi/190/black-up-pointing-double-triangle_23eb.png
downwards_button,https://emojipedia-us.s3.dualstack.us-west-1.amazonaws.com/thumbs/72/au-kddi/190/down-pointing-small-red-triangle_1f53d.png
fast_down_button,https://emojipedia-us.s3.dualstack.us-west-1.amazonaws.com/thumbs/72/au-kddi/190/black-down-pointing-double-triangle_23ec.png
antenna_bars,https://emojipedia-us.s3.dualstack.us-west-1.amazonaws.com/thumbs/72/au-kddi/190/antenna-with-bars_1f4f6.png
vibration_mode,https://emojipedia-us.s3.dualstack.us-west-1.amazonaws.com/thumbs/72/au-kddi/190/vibration-mode_1f4f3.png
mobile_phone_off,https://emojipedia-us.s3.dualstack.us-west-1.amazonaws.com/thumbs/72/au-kddi/190/mobile-phone-off_1f4f4.png
multiply,https://emojipedia-us.s3.dualstack.us-west-1.amazonaws.com/thumbs/72/au-kddi/190/heavy-multiplication-x_2716.png
plus,https://emojipedia-us.s3.dualstack.us-west-1.amazonaws.com/thumbs/72/au-kddi/190/heavy-plus-sign_2795.png
minus,https://emojipedia-us.s3.dualstack.us-west-1.amazonaws.com/thumbs/72/au-kddi/190/heavy-minus-sign_2796.png
divide,https://emojipedia-us.s3.dualstack.us-west-1.amazonaws.com/thumbs/72/au-kddi/190/heavy-division-sign_2797.png
double_exclamation_mark,https://emojipedia-us.s3.dualstack.us-west-1.amazonaws.com/thumbs/72/au-kddi/190/double-exclamation-mark_203c.png
exclamation_question_mark,https://emojipedia-us.s3.dualstack.us-west-1.amazonaws.com/thumbs/72/au-kddi/190/exclamation-question-mark_2049.png
red_question_mark,https://emojipedia-us.s3.dualstack.us-west-1.amazonaws.com/thumbs/72/au-kddi/190/black-question-mark-ornament_2753.png
red_exclamation_mark,https://emojipedia-us.s3.dualstack.us-west-1.amazonaws.com/thumbs/72/au-kddi/190/heavy-exclamation-mark-symbol_2757.png
heavy_dollar_sign,https://emojipedia-us.s3.dualstack.us-west-1.amazonaws.com/thumbs/72/au-kddi/190/heavy-dollar-sign_1f4b2.png
recycling_symbol,https://emojipedia-us.s3.dualstack.us-west-1.amazonaws.com/thumbs/72/au-kddi/190/black-universal-recycling-symbol_267b.png
name_badge,https://emojipedia-us.s3.dualstack.us-west-1.amazonaws.com/thumbs/72/au-kddi/190/name-badge_1f4db.png
japanese_symbol_for_beginner,https://emojipedia-us.s3.dualstack.us-west-1.amazonaws.com/thumbs/72/au-kddi/190/japanese-symbol-for-beginner_1f530.png
hollow_red_circle,https://emojipedia-us.s3.dualstack.us-west-1.amazonaws.com/thumbs/72/au-kddi/190/heavy-large-circle_2b55.png
check_mark_button,https://emojipedia-us.s3.dualstack.us-west-1.amazonaws.com/thumbs/72/au-kddi/190/white-heavy-check-mark_2705.png
check_box_with_check,https://emojipedia-us.s3.dualstack.us-west-1.amazonaws.com/thumbs/72/au-kddi/190/ballot-box-with-check_2611.png
check_mark,https://emojipedia-us.s3.dualstack.us-west-1.amazonaws.com/thumbs/72/au-kddi/190/heavy-check-mark_2714.png
cross_mark,https://emojipedia-us.s3.dualstack.us-west-1.amazonaws.com/thumbs/72/au-kddi/190/cross-mark_274c.png
cross_mark_button,https://emojipedia-us.s3.dualstack.us-west-1.amazonaws.com/thumbs/72/au-kddi/190/negative-squared-cross-mark_274e.png
curly_loop,https://emojipedia-us.s3.dualstack.us-west-1.amazonaws.com/thumbs/72/au-kddi/190/curly-loop_27b0.png
eight_spoked_asterisk,https://emojipedia-us.s3.dualstack.us-west-1.amazonaws.com/thumbs/72/au-kddi/190/eight-spoked-asterisk_2733.png
eight_pointed_star,https://emojipedia-us.s3.dualstack.us-west-1.amazonaws.com/thumbs/72/au-kddi/190/eight-pointed-black-star_2734.png
sparkle,https://emojipedia-us.s3.dualstack.us-west-1.amazonaws.com/thumbs/72/au-kddi/190/sparkle_2747.png
copyright,https://emojipedia-us.s3.dualstack.us-west-1.amazonaws.com/thumbs/72/au-kddi/190/copyright-sign_a9.png
registered,https://emojipedia-us.s3.dualstack.us-west-1.amazonaws.com/thumbs/72/au-kddi/190/registered-sign_ae.png
trade_mark,https://emojipedia-us.s3.dualstack.us-west-1.amazonaws.com/thumbs/72/au-kddi/190/trade-mark-sign_2122.png
keycap_number_sign,https://emojipedia-us.s3.dualstack.us-west-1.amazonaws.com/thumbs/72/au-kddi/190/keycap-number-sign_23-fe0f-20e3.png
keycap_digit_zero,https://emojipedia-us.s3.dualstack.us-west-1.amazonaws.com/thumbs/72/au-kddi/190/keycap-digit-zero_30-fe0f-20e3.png
keycap_digit_one,https://emojipedia-us.s3.dualstack.us-west-1.amazonaws.com/thumbs/72/au-kddi/190/keycap-digit-one_31-fe0f-20e3.png
keycap_digit_two,https://emojipedia-us.s3.dualstack.us-west-1.amazonaws.com/thumbs/72/au-kddi/190/keycap-digit-two_32-fe0f-20e3.png
keycap_digit_three,https://emojipedia-us.s3.dualstack.us-west-1.amazonaws.com/thumbs/72/au-kddi/190/keycap-digit-three_33-fe0f-20e3.png
keycap_digit_four,https://emojipedia-us.s3.dualstack.us-west-1.amazonaws.com/thumbs/72/au-kddi/190/keycap-digit-four_34-fe0f-20e3.png
keycap_digit_five,https://emojipedia-us.s3.dualstack.us-west-1.amazonaws.com/thumbs/72/au-kddi/190/keycap-digit-five_35-fe0f-20e3.png
keycap_digit_six,https://emojipedia-us.s3.dualstack.us-west-1.amazonaws.com/thumbs/72/au-kddi/190/keycap-digit-six_36-fe0f-20e3.png
keycap_digit_seven,https://emojipedia-us.s3.dualstack.us-west-1.amazonaws.com/thumbs/72/au-kddi/190/keycap-digit-seven_37-fe0f-20e3.png
keycap_digit_eight,https://emojipedia-us.s3.dualstack.us-west-1.amazonaws.com/thumbs/72/au-kddi/190/keycap-digit-eight_38-fe0f-20e3.png
keycap_digit_nine,https://emojipedia-us.s3.dualstack.us-west-1.amazonaws.com/thumbs/72/au-kddi/190/keycap-digit-nine_39-fe0f-20e3.png
keycap_10,https://emojipedia-us.s3.dualstack.us-west-1.amazonaws.com/thumbs/72/au-kddi/190/keycap-ten_1f51f.png
input_latin_uppercase,https://emojipedia-us.s3.dualstack.us-west-1.amazonaws.com/thumbs/72/au-kddi/190/input-symbol-for-latin-capital-letters_1f520.png
input_latin_lowercase,https://emojipedia-us.s3.dualstack.us-west-1.amazonaws.com/thumbs/72/au-kddi/190/input-symbol-for-latin-small-letters_1f521.png
input_numbers,https://emojipedia-us.s3.dualstack.us-west-1.amazonaws.com/thumbs/72/au-kddi/190/input-symbol-for-numbers_1f522.png
input_symbols,https://emojipedia-us.s3.dualstack.us-west-1.amazonaws.com/thumbs/72/au-kddi/190/input-symbol-for-symbols_1f523.png
input_latin_letters,https://emojipedia-us.s3.dualstack.us-west-1.amazonaws.com/thumbs/72/au-kddi/190/input-symbol-for-latin-letters_1f524.png
a_button_blood_type,https://emojipedia-us.s3.dualstack.us-west-1.amazonaws.com/thumbs/72/au-kddi/190/negative-squared-latin-capital-letter-a_1f170.png
ab_button_blood_type,https://emojipedia-us.s3.dualstack.us-west-1.amazonaws.com/thumbs/72/au-kddi/190/negative-squared-ab_1f18e.png
b_button_blood_type,https://emojipedia-us.s3.dualstack.us-west-1.amazonaws.com/thumbs/72/au-kddi/190/negative-squared-latin-capital-letter-b_1f171.png
cl_button,https://emojipedia-us.s3.dualstack.us-west-1.amazonaws.com/thumbs/72/au-kddi/190/squared-cl_1f191.png
cool_button,https://emojipedia-us.s3.dualstack.us-west-1.amazonaws.com/thumbs/72/au-kddi/190/squared-cool_1f192.png
free_button,https://emojipedia-us.s3.dualstack.us-west-1.amazonaws.com/thumbs/72/au-kddi/190/squared-free_1f193.png
information,https://emojipedia-us.s3.dualstack.us-west-1.amazonaws.com/thumbs/72/au-kddi/190/information-source_2139.png
id_button,https://emojipedia-us.s3.dualstack.us-west-1.amazonaws.com/thumbs/72/au-kddi/190/squared-id_1f194.png
new_button,https://emojipedia-us.s3.dualstack.us-west-1.amazonaws.com/thumbs/72/au-kddi/190/squared-new_1f195.png
o_button_blood_type,https://emojipedia-us.s3.dualstack.us-west-1.amazonaws.com/thumbs/72/au-kddi/190/negative-squared-latin-capital-letter-o_1f17e.png
ok_button,https://emojipedia-us.s3.dualstack.us-west-1.amazonaws.com/thumbs/72/au-kddi/190/squared-ok_1f197.png
p_button,https://emojipedia-us.s3.dualstack.us-west-1.amazonaws.com/thumbs/72/au-kddi/190/negative-squared-latin-capital-letter-p_1f17f.png
sos_button,https://emojipedia-us.s3.dualstack.us-west-1.amazonaws.com/thumbs/72/au-kddi/190/squared-sos_1f198.png
up_button,https://emojipedia-us.s3.dualstack.us-west-1.amazonaws.com/thumbs/72/au-kddi/190/squared-up-with-exclamation-mark_1f199.png
vs_button,https://emojipedia-us.s3.dualstack.us-west-1.amazonaws.com/thumbs/72/au-kddi/190/squared-vs_1f19a.png
japanese_service_charge_button,https://emojipedia-us.s3.dualstack.us-west-1.amazonaws.com/thumbs/72/au-kddi/190/squared-katakana-sa_1f202.png
japanese_reserved_button,https://emojipedia-us.s3.dualstack.us-west-1.amazonaws.com/thumbs/72/au-kddi/190/squared-cjk-unified-ideograph-6307_1f22f.png
japanese_bargain_button,https://emojipedia-us.s3.dualstack.us-west-1.amazonaws.com/thumbs/72/au-kddi/190/circled-ideograph-advantage_1f250.png
japanese_discount_button,https://emojipedia-us.s3.dualstack.us-west-1.amazonaws.com/thumbs/72/au-kddi/190/squared-cjk-unified-ideograph-5272_1f239.png
japanese_acceptable_button,https://emojipedia-us.s3.dualstack.us-west-1.amazonaws.com/thumbs/72/au-kddi/190/circled-ideograph-accept_1f251.png
japanese_vacancy_button,https://emojipedia-us.s3.dualstack.us-west-1.amazonaws.com/thumbs/72/au-kddi/190/squared-cjk-unified-ideograph-7a7a_1f233.png
japanese_congratulations_button,https://emojipedia-us.s3.dualstack.us-west-1.amazonaws.com/thumbs/72/au-kddi/190/circled-ideograph-congratulation_3297.png
japanese_secret_button,https://emojipedia-us.s3.dualstack.us-west-1.amazonaws.com/thumbs/72/au-kddi/190/circled-ideograph-secret_3299.png
japanese_open_for_business_button,https://emojipedia-us.s3.dualstack.us-west-1.amazonaws.com/thumbs/72/au-kddi/190/squared-cjk-unified-ideograph-55b6_1f23a.png
japanese_no_vacancy_button,https://emojipedia-us.s3.dualstack.us-west-1.amazonaws.com/thumbs/72/au-kddi/190/squared-cjk-unified-ideograph-6e80_1f235.png
red_circle,https://emojipedia-us.s3.dualstack.us-west-1.amazonaws.com/thumbs/72/au-kddi/190/large-red-circle_1f534.png
blue_circle,https://emojipedia-us.s3.dualstack.us-west-1.amazonaws.com/thumbs/72/au-kddi/190/large-blue-circle_1f535.png
black_circle,https://emojipedia-us.s3.dualstack.us-west-1.amazonaws.com/thumbs/72/au-kddi/190/medium-black-circle_26ab.png
white_circle,https://emojipedia-us.s3.dualstack.us-west-1.amazonaws.com/thumbs/72/au-kddi/190/medium-white-circle_26aa.png
black_large_square,https://emojipedia-us.s3.dualstack.us-west-1.amazonaws.com/thumbs/72/au-kddi/190/black-large-square_2b1b.png
white_large_square,https://emojipedia-us.s3.dualstack.us-west-1.amazonaws.com/thumbs/72/au-kddi/190/white-large-square_2b1c.png
black_medium_square,https://emojipedia-us.s3.dualstack.us-west-1.amazonaws.com/thumbs/72/au-kddi/190/black-medium-square_25fc.png
white_medium_square,https://emojipedia-us.s3.dualstack.us-west-1.amazonaws.com/thumbs/72/au-kddi/190/white-medium-square_25fb.png
black_medium_small_square,https://emojipedia-us.s3.dualstack.us-west-1.amazonaws.com/thumbs/72/au-kddi/190/black-medium-small-square_25fe.png
white_medium_small_square,https://emojipedia-us.s3.dualstack.us-west-1.amazonaws.com/thumbs/72/au-kddi/190/white-medium-small-square_25fd.png
black_small_square,https://emojipedia-us.s3.dualstack.us-west-1.amazonaws.com/thumbs/72/au-kddi/190/black-small-square_25aa.png
white_small_square,https://emojipedia-us.s3.dualstack.us-west-1.amazonaws.com/thumbs/72/au-kddi/190/white-small-square_25ab.png
large_orange_diamond,https://emojipedia-us.s3.dualstack.us-west-1.amazonaws.com/thumbs/72/au-kddi/190/large-orange-diamond_1f536.png
large_blue_diamond,https://emojipedia-us.s3.dualstack.us-west-1.amazonaws.com/thumbs/72/au-kddi/190/large-blue-diamond_1f537.png
small_orange_diamond,https://emojipedia-us.s3.dualstack.us-west-1.amazonaws.com/thumbs/72/au-kddi/190/small-orange-diamond_1f538.png
small_blue_diamond,https://emojipedia-us.s3.dualstack.us-west-1.amazonaws.com/thumbs/72/au-kddi/190/small-blue-diamond_1f539.png
red_triangle_pointed_up,https://emojipedia-us.s3.dualstack.us-west-1.amazonaws.com/thumbs/72/au-kddi/190/up-pointing-red-triangle_1f53a.png
red_triangle_pointed_down,https://emojipedia-us.s3.dualstack.us-west-1.amazonaws.com/thumbs/72/au-kddi/190/down-pointing-red-triangle_1f53b.png
radio_button,https://emojipedia-us.s3.dualstack.us-west-1.amazonaws.com/thumbs/72/au-kddi/190/radio-button_1f518.png
chequered_flag,https://emojipedia-us.s3.dualstack.us-west-1.amazonaws.com/thumbs/72/au-kddi/190/chequered-flag_1f3c1.png
triangular_flag,https://emojipedia-us.s3.dualstack.us-west-1.amazonaws.com/thumbs/72/au-kddi/190/triangular-flag-on-post_1f6a9.png
crossed_flags,https://emojipedia-us.s3.dualstack.us-west-1.amazonaws.com/thumbs/72/au-kddi/190/crossed-flags_1f38c.png
flag_china,https://emojipedia-us.s3.dualstack.us-west-1.amazonaws.com/thumbs/72/au-kddi/190/flag-for-china_1f1e8-1f1f3.png
flag_germany,https://emojipedia-us.s3.dualstack.us-west-1.amazonaws.com/thumbs/72/au-kddi/190/flag-for-germany_1f1e9-1f1ea.png
flag_spain,https://emojipedia-us.s3.dualstack.us-west-1.amazonaws.com/thumbs/72/au-kddi/190/flag-for-spain_1f1ea-1f1f8.png
flag_france,https://emojipedia-us.s3.dualstack.us-west-1.amazonaws.com/thumbs/72/au-kddi/190/flag-for-france_1f1eb-1f1f7.png
flag_united_kingdom,https://emojipedia-us.s3.dualstack.us-west-1.amazonaws.com/thumbs/72/au-kddi/190/flag-for-united-kingdom_1f1ec-1f1e7.png
flag_italy,https://emojipedia-us.s3.dualstack.us-west-1.amazonaws.com/thumbs/72/au-kddi/190/flag-for-italy_1f1ee-1f1f9.png
flag_japan,https://emojipedia-us.s3.dualstack.us-west-1.amazonaws.com/thumbs/72/au-kddi/190/flag-for-japan_1f1ef-1f1f5.png
flag_south_korea,https://emojipedia-us.s3.dualstack.us-west-1.amazonaws.com/thumbs/72/au-kddi/190/flag-for-south-korea_1f1f0-1f1f7.png
flag_russia,https://emojipedia-us.s3.dualstack.us-west-1.amazonaws.com/thumbs/72/au-kddi/190/flag-for-russia_1f1f7-1f1fa.png
flag_united_states,https://emojipedia-us.s3.dualstack.us-west-1.amazonaws.com/thumbs/72/au-kddi/190/flag-for-united-states_1f1fa-1f1f8.png