grinning_face_with_big_eyes,https://emojipedia-us.s3.dualstack.us-west-1.amazonaws.com/thumbs/72/docomo/205/smiling-face-with-open-mouth_1f603.png
grinning_face_with_smiling_eyes,https://emojipedia-us.s3.dualstack.us-west-1.amazonaws.com/thumbs/72/docomo/205/smiling-face-with-open-mouth-and-smiling-eyes_1f604.png
beaming_face_with_smiling_eyes,https://emojipedia-us.s3.dualstack.us-west-1.amazonaws.com/thumbs/72/docomo/205/grinning-face-with-smiling-eyes_1f601.png
grinning_squinting_face,https://emojipedia-us.s3.dualstack.us-west-1.amazonaws.com/thumbs/72/docomo/205/smiling-face-with-open-mouth-and-tightly-closed-eyes_1f606.png
grinning_face_with_sweat,https://emojipedia-us.s3.dualstack.us-west-1.amazonaws.com/thumbs/72/docomo/205/smiling-face-with-open-mouth-and-cold-sweat_1f605.png
face_with_tears_of_joy,https://emojipedia-us.s3.dualstack.us-west-1.amazonaws.com/thumbs/72/docomo/205/face-with-tears-of-joy_1f602.png
winking_face,https://emojipedia-us.s3.dualstack.us-west-1.amazonaws.com/thumbs/72/docomo/205/winking-face_1f609.png
smiling_face_with_smiling_eyes,https://emojipedia-us.s3.dualstack.us-west-1.amazonaws.com/thumbs/72/docomo/205/smiling-face-with-smiling-eyes_1f60a.png
smiling_face_with_heart_eyes,https://emojipedia-us.s3.dualstack.us-west-1.amazonaws.com/thumbs/72/docomo/205/smiling-face-with-heart-shaped-eyes_1f60d.png
face_blowing_a_kiss,https://emojipedia-us.s3.dualstack.us-west-1.amazonaws.com/thumbs/72/docomo/205/face-throwing-a-kiss_1f618.png
smiling_face,https://emojipedia-us.s3.dualstack.us-west-1.amazonaws.com/thumbs/72/docomo/205/white-smiling-face_263a.png
kissing_face_with_closed_eyes,https://emojipedia-us.s3.dualstack.us-west-1.amazonaws.com/thumbs/72/docomo/205/kissing-face-with-closed-eyes_1f61a.png
face_savoring_food,https://emojipedia-us.s3.dualstack.us-west-1.amazonaws.com/thumbs/72/docomo/205/face-savouring-delicious-food_1f60b.png
winking_face_with_tongue,https://emojipedia-us.s3.dualstack.us-west-1.amazonaws.com/thumbs/72/docomo/205/face-with-stuck-out-tongue-and-winking-eye_1f61c.png
squinting_face_with_tongue,https://emojipedia-us.s3.dualstack.us-west-1.amazonaws.com/thumbs/72/docomo/205/face-with-stuck-out-tongue-and-tightly-closed-eyes_1f61d.png
smirking_face,https://emojipedia-us.s3.dualstack.us-west-1.amazonaws.com/thumbs/72/docomo/205/smirking-face_1f60f.png
unamused_face,https://emojipedia-us.s3.dualstack.us-west-1.amazonaws.com/thumbs/72/docomo/205/unamused-face_1f612.png
relieved_face,https://emojipedia-us.s3.dualstack.us-west-1.amazonaws.com/thumbs/72/docomo/205/relieved-face_1f60c.png
pensive_face,https://emojipedia-us.s3.dualstack.us-west-1.amazonaws.com/thumbs/72/docomo/205/pensive-face_1f614.png
sleepy_face,https://emojipedia-us.s3.dualstack.us-west-1.amazonaws.com/thumbs/72/docomo/205/sleepy-face_1f62a.png
face_with_medical_mask,https://emojipedia-us.s3.dualstack.us-west-1.amazonaws.com/thumbs/72/docomo/205/face-with-medical-mask_1f637.png
face_with_crossed_out_eyes,https://emojipedia-us.s3.dualstack.us-west-1.amazonaws.com/thumbs/72/docomo/205/dizzy-face_1f635.png
astonished_face,https://emojipedia-us.s3.dualstack.us-west-1.amazonaws.com/thumbs/72/docomo/205/astonished-face_1f632.png
flushed_face,https://emojipedia-us.s3.dualstack.us-west-1.amazonaws.com/thumbs/72/docomo/205/flushed-face_1f633.png
fearful_face,https://emojipedia-us.s3.dualstack.us-west-1.amazonaws.com/thumbs/72/docomo/205/fearful-face_1f628.png
anxious_face_with_sweat,https://emojipedia-us.s3.dualstack.us-west-1.amazonaws.com/thumbs/72/docomo/205/face-with-open-mouth-and-cold-sweat_1f630.png
sad_but_relieved_face,https://emojipedia-us.s3.dualstack.us-west-1.amazonaws.com/thumbs/72/docomo/205/disappointed-but-relieved-face_1f625.png
crying_face,https://emojipedia-us.s3.dualstack.us-west-1.amazonaws.com/thumbs/72/docomo/205/crying-face_1f622.png
loudly_crying_face,https://emojipedia-us.s3.dualstack.us-west-1.amazonaws.com/thumbs/72/docomo/205/loudly-crying-face_1f62d.png
face_screaming_in_fear,https://emojipedia-us.s3.dualstack.us-west-1.amazonaws.com/thumbs/72/docomo/205/face-screaming-in-fear_1f631.png
confounded_face,https://emojipedia-us.s3.dualstack.us-west-1.amazonaws.com/thumbs/72/docomo/205/confounded-face_1f616.png
persevering_face,https://emojipedia-us.s3.dualstack.us-west-1.amazonaws.com/thumbs/72/docomo/205/persevering-face_1f623.png
disappointed_face,https://emojipedia-us.s3.dualstack.us-west-1.amazonaws.com/thumbs/72/docomo/205/disappointed-face_1f61e.png
downcast_face_with_sweat,https://emojipedia-us.s3.dualstack.us-west-1.amazonaws.com/thumbs/72/docomo/205/face-with-cold-sweat_1f613.png
weary_face,https://emojipedia-us.s3.dualstack.us-west-1.amazonaws.com/thumbs/72/docomo/205/weary-face_1f629.png
tired_face,https://emojipedia-us.s3.dualstack.us-west-1.amazonaws.com/thumbs/72/docomo/205/tired-face_1f62b.png
face_with_steam_from_nose,https://emojipedia-us.s3.dualstack.us-west-1.amazonaws.com/thumbs/72/docomo/205/face-with-look-of-triumph_1f624.png
enraged_face,https://emojipedia-us.s3.dualstack.us-west-1.amazonaws.com/thumbs/72/docomo/205/pouting-face_1f621.png
angry_face,https://emojipedia-us.s3.dualstack.us-west-1.amazonaws.com/thumbs/72/docomo/205/angry-face_1f620.png
angry_face_with_horns,https://emojipedia-us.s3.dualstack.us-west-1.amazonaws.com/thumbs/72/docomo/205/imp_1f47f.png
skull,https://emojipedia-us.s3.dualstack.us-west-1.amazonaws.com/thumbs/72/docomo/205/skull_1f480.png
pile_of_poo,https://emojipedia-us.s3.dualstack.us-west-1.amazonaws.com/thumbs/72/docomo/205/pile-of-poo_1f4a9.png
ogre,https://emojipedia-us.s3.dualstack.us-west-1.amazonaws.com/thumbs/72/docomo/205/japanese-ogre_1f479.png
goblin,https://emojipedia-us.s3.dualstack.us-west-1.amazonaws.com/thumbs/72/docomo/205/japanese-goblin_1f47a.png
ghost,https://emojipedia-us.s3.dualstack.us-west-1.amazonaws.com/thumbs/72/docomo/205/ghost_1f47b.png
alien,https://emojipedia-us.s3.dualstack.us-west-1.amazonaws.com/thumbs/72/docomo/205/extraterrestrial-alien_1f47d.png
alien_monster,https://emojipedia-us.s3.dualstack.us-west-1.amazonaws.com/thumbs/72/docomo/205/alien-monster_1f47e.png
grinning_cat,https://emojipedia-us.s3.dualstack.us-west-1.amazonaws.com/thumbs/72/docomo/205/smiling-cat-face-with-open-mouth_1f63a.png
grinning_cat_with_smiling_eyes,https://emojipedia-us.s3.dualstack.us-west-1.amazonaws.com/thumbs/72/docomo/205/grinning-cat-face-with-smiling-eyes_1f638.png
cat_with_tears_of_joy,https://emojipedia-us.s3.dualstack.us-west-1.amazonaws.com/thumbs/72/docomo/205/cat-face-with-tears-of-joy_1f639.png
smiling_cat_with_heart_eyes,https://emojipedia-us.s3.dualstack.us-west-1.amazonaws.com/thumbs/72/docomo/205/smiling-cat-face-with-heart-shaped-eyes_1f63b.png
cat_with_wry_smile,https://emojipedia-us.s3.dualstack.us-west-1.amazonaws.com/thumbs/72/docomo/205/cat-face-with-wry-smile_1f63c.png
kissing_cat,https://emojipedia-us.s3.dualstack.us-west-1.amazonaws.com/thumbs/72/docomo/205/kissing-cat-face-with-closed-eyes_1f63d.png
weary_cat,https://emojipedia-us.s3.dualstack.us-west-1.amazonaws.com/thumbs/72/docomo/205/weary-cat-face_1f640.png
crying_cat,https://emojipedia-us.s3.dualstack.us-west-1.amazonaws.com/thumbs/72/docomo/205/crying-cat-face_1f63f.png
pouting_cat,https://emojipedia-us.s3.dualstack.us-west-1.amazonaws.com/thumbs/72/docomo/205/pouting-cat-face_1f63e.png
see_no_evil_monkey,https://emojipedia-us.s3.dualstack.us-west-1.amazonaws.com/thumbs/72/docomo/205/see-no-evil-monkey_1f648.png
hear_no_evil_monkey,https://emojipedia-us.s3.dualstack.us-west-1.amazonaws.com/thumbs/72/docomo/205/hear-no-evil-monkey_1f649.png
speak_no_evil_monkey,https://emojipedia-us.s3.dualstack.us-west-1.amazonaws.com/thumbs/72/docomo/205/speak-no-evil-monkey_1f64a.png
kiss_mark,https://emojipedia-us.s3.dualstack.us-west-1.amazonaws.com/thumbs/72/docomo/205/kiss-mark_1f48b.png
love_letter,https://emojipedia-us.s3.dualstack.us-west-1.amazonaws.com/thumbs/72/docomo/205/love-letter_1f48c.png
heart_with_arrow,https://emojipedia-us.s3.dualstack.us-west-1.amazonaws.com/thumbs/72/docomo/205/heart-with-arrow_1f498.png
heart_with_ribbon,https://emojipedia-us.s3.dualstack.us-west-1.amazonaws.com/thumbs/72/docomo/205/heart-with-ribbon_1f49d.png
sparkling_heart,https://emojipedia-us.s3.dualstack.us-west-1.amazonaws.com/thumbs/72/docomo/205/sparkling-heart_1f496.png
growing_heart,https://emojipedia-us.s3.dualstack.us-west-1.amazonaws.com/thumbs/72/docomo/205/growing-heart_1f497.png
beating_heart,https://emojipedia-us.s3.dualstack.us-west-1.amazonaws.com/thumbs/72/docomo/205/beating-heart_1f493.png
revolving_hearts,https://emojipedia-us.s3.dualstack.us-west-1.amazonaws.com/thumbs/72/docomo/205/revolving-hearts_1f49e.png
two_hearts,https://emojipedia-us.s3.dualstack.us-west-1.amazonaws.com/thumbs/72/docomo/205/two-hearts_1f495.png
heart_decoration,https://emojipedia-us.s3.dualstack.us-west-1.amazonaws.com/thumbs/72/docomo/205/heart-decoration_1f49f.png
broken_heart,https://emojipedia-us.s3.dualstack.us-west-1.amazonaws.com/thumbs/72/docomo/205/broken-heart_1f494.png
red_heart,https://emojipedia-us.s3.dualstack.us-west-1.amazonaws.com/thumbs/72/docomo/205/heavy-black-heart_2764.png
yellow_heart,https://emojipedia-us.s3.dualstack.us-west-1.amazonaws.com/thumbs/72/docomo/205/yellow-heart_1f49b.png
green_heart,https://emojipedia-us.s3.dualstack.us-west-1.amazonaws.com/thumbs/72/docomo/205/green-heart_1f49a.png
blue_heart,https://emojipedia-us.s3.dualstack.us-west-1.amazonaws.com/thumbs/72/docomo/205/blue-heart_1f499.png
purple_heart,https://emojipedia-us.s3.dualstack.us-west-1.amazonaws.com/thumbs/72/docomo/205/purple-heart_1f49c.png
hundred_points,https://emojipedia-us.s3.dualstack.us-west-1.amazonaws.com/thumbs/72/docomo/205/hundred-points-symbol_1f4af.png
anger_symbol,https://emojipedia-us.s3.dualstack.us-west-1.amazonaws.com/thumbs/72/docomo/205/anger-symbol_1f4a2.png
collision,https://emojipedia-us.s3.dualstack.us-west-1.amazonaws.com/thumbs/72/docomo/205/collision-symbol_1f4a5.png
dizzy,https://emojipedia-us.s3.dualstack.us-west-1.amazonaws.com/thumbs/72/docomo/205/dizzy-symbol_1f4ab.png
sweat_droplets,https://emojipedia-us.s3.dualstack.us-west-1.amazonaws.com/thumbs/72/docomo/205/splashing-sweat-symbol_1f4a6.png
dashing_away,https://emojipedia-us.s3.dualstack.us-west-1.amazonaws.com/thumbs/72/docomo/205/dash-symbol_1f4a8.png
bomb,https://emojipedia-us.s3.dualstack.us-west-1.amazonaws.com/thumbs/72/docomo/205/bomb_1f4a3.png
speech_balloon,https://emojipedia-us.s3.dualstack.us-west-1.amazonaws.com/thumbs/72/docomo/205/speech-balloon_1f4ac.png
zzz,https://emojipedia-us.s3.dualstack.us-west-1.amazonaws.com/thumbs/72/docomo/205/sleeping-symbol_1f4a4.png
waving_hand,https://emojipedia-us.s3.dualstack.us-west-1.amazonaws.com/thumbs/72/docomo/205/waving-hand-sign_1f44b.png
raised_hand,https://emojipedia-us.s3.dualstack.us-west-1.amazonaws.com/thumbs/72/docomo/205/raised-hand_270b.png
ok_hand,https://emojipedia-us.s3.dualstack.us-west-1.amazonaws.com/thumbs/72/docomo/205/ok-hand-sign_1f44c.png
victory_hand,https://emojipedia-us.s3.dualstack.us-west-1.amazonaws.com/thumbs/72/docomo/205/victory-hand_270c.png
backhand_index_pointing_left,https://emojipedia-us.s3.dualstack.us-west-1.amazonaws.com/thumbs/72/docomo/205/white-left-pointing-backhand-index_1f448.png
backhand_index_pointing_right,https://emojipedia-us.s3.dualstack.us-west-1.amazonaws.com/thumbs/72/docomo/205/white-right-pointing-backhand-index_1f449.png
backhand_index_pointing_up,https://emojipedia-us.s3.dualstack.us-west-1.amazonaws.com/thumbs/72/docomo/205/white-up-pointing-backhand-index_1f446.png
backhand_index_pointing_down,https://emojipedia-us.s3.dualstack.us-west-1.amazonaws.com/thumbs/72/docomo/205/white-down-pointing-backhand-index_1f447.png
index_pointing_up,https://emojipedia-us.s3.dualstack.us-west-1.amazonaws.com/thumbs/72/docomo/205/white-up-pointing-index_261d.png
thumbs_up,https://emojipedia-us.s3.dualstack.us-west-1.amazonaws.com/thumbs/72/docomo/205/thumbs-up-sign_1f44d.png
thumbs_down,https://emojipedia-us.s3.dualstack.us-west-1.amazonaws.com/thumbs/72/docomo/205/thumbs-down-sign_1f44e.png
raised_fist,https://emojipedia-us.s3.dualstack.us-west-1.amazonaws.com/thumbs/72/docomo/205/raised-fist_270a.png
oncoming_fist,https://emojipedia-us.s3.dualstack.us-west-1.amazonaws.com/thumbs/72/docomo/205/fisted-hand-sign_1f44a.png
clapping_hands,https://emojipedia-us.s3.dualstack.us-west-1.amazonaws.com/thumbs/72/docomo/205/clapping-hands-sign_1f44f.png
raising_hands,https://emojipedia-us.s3.dualstack.us-west-1.amazonaws.com/thumbs/72/docomo/205/person-raising-both-hands-in-celebration_1f64c.png
open_hands,https://emojipedia-us.s3.dualstack.us-west-1.amazonaws.com/thumbs/72/docomo/205/open-hands-sign_1f450.png
folded_hands,https://emojipedia-us.s3.dualstack.us-west-1.amazonaws.com/thumbs/72/docomo/205/person-with-folded-hands_1f64f.png
nail_polish,https://emojipedia-us.s3.dualstack.us-west-1.amazonaws.com/thumbs/72/docomo/205/nail-polish_1f485.png
flexed_biceps,https://emojipedia-us.s3.dualstack.us-west-1.amazonaws.com/thumbs/72/docomo/205/flexed-biceps_1f4aa.png
ear,https://emojipedia-us.s3.dualstack.us-west-1.amazonaws.com/thumbs/72/docomo/205/ear_1f442.png
nose,https://emojipedia-us.s3.dualstack.us-west-1.amazonaws.com/thumbs/72/docomo/205/nose_1f443.png
eyes,https://emojipedia-us.s3.dualstack.us-west-1.amazonaws.com/thumbs/72/docomo/205/eyes_1f440.png
tongue,https://emojipedia-us.s3.dualstack.us-west-1.amazonaws.com/thumbs/72/docomo/205/tongue_1f445.png
mouth,https://emojipedia-us.s3.dualstack.us-west-1.amazonaws.com/thumbs/72/docomo/205/mouth_1f444.png
baby,https://emojipedia-us.s3.dualstack.us-west-1.amazonaws.com/thumbs/72/docomo/205/baby_1f476.png
boy,https://emojipedia-us.s3.dualstack.us-west-1.amazonaws.com/thumbs/72/docomo/205/boy_1f466.png
girl,https://emojipedia-us.s3.dualstack.us-west-1.amazonaws.com/thumbs/72/docomo/205/girl_1f467.png
person_blond_hair,https://emojipedia-us.s3.dualstack.us-west-1.amazonaws.com/thumbs/72/docomo/205/person-with-blond-hair_1f471.png
man,https://emojipedia-us.s3.dualstack.us-west-1.amazonaws.com/thumbs/72/docomo/205/man_1f468.png
woman,https://emojipedia-us.s3.dualstack.us-west-1.amazonaws.com/thumbs/72/docomo/205/woman_1f469.png
old_man,https://emojipedia-us.s3.dualstack.us-west-1.amazonaws.com/thumbs/72/docomo/205/older-man_1f474.png
old_woman,https://emojipedia-us.s3.dualstack.us-west-1.amazonaws.com/thumbs/72/docomo/205/older-woman_1f475.png
person_frowning,https://emojipedia-us.s3.dualstack.us-west-1.amazonaws.com/thumbs/72/docomo/205/person-frowning_1f64d.png
person_pouting,https://emojipedia-us.s3.dualstack.us-west-1.amazonaws.com/thumbs/72/docomo/205/person-with-pouting-face_1f64e.png
person_gesturing_no,https://emojipedia-us.s3.dualstack.us-west-1.amazonaws.com/thumbs/72/docomo/205/face-with-no-good-gesture_1f645.png
person_gesturing_ok,https://emojipedia-us.s3.dualstack.us-west-1.amazonaws.com/thumbs/72/docomo/205/face-with-ok-gesture_1f646.png
person_tipping_hand,https://emojipedia-us.s3.dualstack.us-west-1.amazonaws.com/thumbs/72/docomo/205/information-desk-person_1f481.png
person_raising_hand,https://emojipedia-us.s3.dualstack.us-west-1.amazonaws.com/thumbs/72/docomo/205/happy-person-raising-one-hand_1f64b.png
person_bowing,https://emojipedia-us.s3.dualstack.us-west-1.amazonaws.com/thumbs/72/docomo/205/person-bowing-deeply_1f647.png
police_officer,https://emojipedia-us.s3.dualstack.us-west-1.amazonaws.com/thumbs/72/docomo/205/police-officer_1f46e.png
guard,https://emojipedia-us.s3.dualstack.us-west-1.amazonaws.com/thumbs/72/docomo/205/guardsman_1f482.png
construction_worker,https://emojipedia-us.s3.dualstack.us-west-1.amazonaws.com/thumbs/72/docomo/205/construction-worker_1f477.png
princess,https://emojipedia-us.s3.dualstack.us-west-1.amazonaws.com/thumbs/72/docomo/205/princess_1f478.png
person_wearing_turban,https://emojipedia-us.s3.dualstack.us-west-1.amazonaws.com/thumbs/72/docomo/205/man-with-turban_1f473.png
person_with_skullcap,https://emojipedia-us.s3.dualstack.us-west-1.amazonaws.com/thumbs/72/docomo/205/man-with-gua-pi-mao_1f472.png
person_with_veil,https://emojipedia-us.s3.dualstack.us-west-1.amazonaws.com/thumbs/72/docomo/205/bride-with-veil_1f470.png
baby_angel,https://emojipedia-us.s3.dualstack.us-west-1.amazonaws.com/thumbs/72/docomo/205/baby-angel_1f47c.png
santa_claus,https://emojipedia-us.s3.dualstack.us-west-1.amazonaws.com/thumbs/72/docomo/205/father-christmas_1f385.png
person_getting_massage,https://emojipedia-us.s3.dualstack.us-west-1.amazonaws.com/thumbs/72/docomo/205/face-massage_1f486.png
person_getting_haircut,https://emojipedia-us.s3.dualstack.us-west-1.amazonaws.com/thumbs/72/docomo/205/haircut_1f487.png
person_walking,https://emojipedia-us.s3.dualstack.us-west-1.amazonaws.com/thumbs/72/docomo/205/pedestrian_1f6b6.png
person_running,https://emojipedia-us.s3.dualstack.us-west-1.amazonaws.com/thumbs/72/docomo/205/runner_1f3c3.png
woman_dancing,https://emojipedia-us.s3.dualstack.us-west-1.amazonaws.com/thumbs/72/docomo/205/dancer_1f483.png
people_with_bunny_ears,https://emojipedia-us.s3.dualstack.us-west-1.amazonaws.com/thumbs/72/docomo/205/woman-with-bunny-ears_1f46f.png
snowboarder,https://emojipedia-us.s3.dualstack.us-west-1.amazonaws.com/thumbs/72/docomo/205/snowboarder_1f3c2.png
person_surfing,https://emojipedia-us.s3.dualstack.us-west-1.amazonaws.com/thumbs/72/docomo/205/surfer_1f3c4.png
person_swimming,https://emojipedia-us.s3.dualstack.us-west-1.amazonaws.com/thumbs/72/docomo/205/swimmer_1f3ca.png
person_taking_bath,https://emojipedia-us.s3.dualstack.us-west-1.amazonaws.com/thumbs/72/docomo/205/bath_1f6c0.png
woman_and_man_holding_hands,https://emojipedia-us.s3.dualstack.us-west-1.amazonaws.com/thumbs/72/docomo/205/man-and-woman-holding-hands_1f46b.png
kiss,https://emojipedia-us.s3.dualstack.us-west-1.amazonaws.com/thumbs/72/docomo/205/kiss_1f48f.png
couple_with_heart,https://emojipedia-us.s3.dualstack.us-west-1.amazonaws.com/thumbs/72/docomo/205/couple-with-heart_1f491.png
family,https://emojipedia-us.s3.dualstack.us-west-1.amazonaws.com/thumbs/72/docomo/205/family_1f46a.png
bust_in_silhouette,https://emojipedia-us.s3.dualstack.us-west-1.amazonaws.com/thumbs/72/docomo/205/bust-in-silhouette_1f464.png
footprints,https://emojipedia-us.s3.dualstack.us-west-1.amazonaws.com/thumbs/72/docomo/205/footprints_1f463.png
monkey_face,https://emojipedia-us.s3.dualstack.us-west-1.amazonaws.com/thumbs/72/docomo/205/monkey-face_1f435.png
monkey,https://emojipedia-us.s3.dualstack.us-west-1.amazonaws.com/thumbs/72/docomo/205/monkey_1f412.png
dog_face,https://emojipedia-us.s3.dualstack.us-west-1.amazonaws.com/thumbs/72/docomo/205/dog-face_1f436.png
poodle,https://emojipedia-us.s3.dualstack.us-west-1.amazonaws.com/thumbs/72/docomo/205/poodle_1f429.png
wolf,https://emojipedia-us.s3.dualstack.us-west-1.amazonaws.com/thumbs/72/docomo/205/wolf-face_1f43a.png
cat_face,https://emojipedia-us.s3.dualstack.us-west-1.amazonaws.com/thumbs/72/docomo/205/cat-face_1f431.png
tiger_face,https://emojipedia-us.s3.dualstack.us-west-1.amazonaws.com/thumbs/72/docomo/205/tiger-face_1f42f.png
horse_face,https://emojipedia-us.s3.dualstack.us-west-1.amazonaws.com/thumbs/72/docomo/205/horse-face_1f434.png
horse,https://emojipedia-us.s3.dualstack.us-west-1.amazonaws.com/thumbs/72/docomo/205/horse_1f40e.png
cow_face,https://emojipedia-us.s3.dualstack.us-west-1.amazonaws.com/thumbs/72/docomo/205/cow-face_1f42e.png
pig_face,https://emojipedia-us.s3.dualstack.us-west-1.amazonaws.com/thumbs/72/docomo/205/pig-face_1f437.png
boar,https://emojipedia-us.s3.dualstack.us-west-1.amazonaws.com/thumbs/72/docomo/205/boar_1f417.png
pig_nose,https://emojipedia-us.s3.dualstack.us-west-1.amazonaws.com/thumbs/72/docomo/205/pig-nose_1f43d.png
ewe,https://emojipedia-us.s3.dualstack.us-west-1.amazonaws.com/thumbs/72/docomo/205/sheep_1f411.png
two_hump_camel,https://emojipedia-us.s3.dualstack.us-west-1.amazonaws.com/thumbs/72/docomo/205/bactrian-camel_1f42b.png
elephant,https://emojipedia-us.s3.dualstack.us-west-1.amazonaws.com/thumbs/72/docomo/205/elephant_1f418.png
mouse_face,https://emojipedia-us.s3.dualstack.us-west-1.amazonaws.com/thumbs/72/docomo/205/mouse-face_1f42d.png
hamster,https://emojipedia-us.s3.dualstack.us-west-1.amazonaws.com/thumbs/72/docomo/205/hamster-face_1f439.png
rabbit_face,https://emojipedia-us.s3.dualstack.us-west-1.amazonaws.com/thumbs/72/docomo/205/rabbit-face_1f430.png
bear,https://emojipedia-us.s3.dualstack.us-west-1.amazonaws.com/thumbs/72/docomo/205/bear-face_1f43b.png
koala,https://emojipedia-us.s3.dualstack.us-west-1.amazonaws.com/thumbs/72/docomo/205/koala_1f428.png
panda,https://emojipedia-us.s3.dualstack.us-west-1.amazonaws.com/thumbs/72/docomo/205/panda-face_1f43c.png
paw_prints,https://emojipedia-us.s3.dualstack.us-west-1.amazonaws.com/thumbs/72/docomo/205/paw-prints_1f43e.png
chicken,https://emojipedia-us.s3.dualstack.us-west-1.amazonaws.com/thumbs/72/docomo/205/chicken_1f414.png
hatching_chick,https://emojipedia-us.s3.dualstack.us-west-1.amazonaws.com/thumbs/72/docomo/205/hatching-chick_1f423.png
baby_chick,https://emojipedia-us.s3.dualstack.us-west-1.amazonaws.com/thumbs/72/docomo/205/baby-chick_1f424.png
front_facing_baby_chick,https://emojipedia-us.s3.dualstack.us-west-1.amazonaws.com/thumbs/72/docomo/205/front-facing-baby-chick_1f425.png
bird,https://emojipedia-us.s3.dualstack.us-west-1.amazonaws.com/thumbs/72/docomo/205/bird_1f426.png
penguin,https://emojipedia-us.s3.dualstack.us-west-1.amazonaws.com/thumbs/72/docomo/205/penguin_1f427.png
frog,https://emojipedia-us.s3.dualstack.us-west-1.amazonaws.com/thumbs/72/docomo/205/frog-face_1f438.png
turtle,https://emojipedia-us.s3.dualstack.us-west-1.amazonaws.com/thumbs/72/docomo/205/turtle_1f422.png
snake,https://emojipedia-us.s3.dualstack.us-west-1.amazonaws.com/thumbs/72/docomo/205/snake_1f40d.png
dragon_face,https://emojipedia-us.s3.dualstack.us-west-1.amazonaws.com/thumbs/72/docomo/205/dragon-face_1f432.png
spouting_whale,https://emojipedia-us.s3.dualstack.us-west-1.amazonaws.com/thumbs/72/docomo/205/spouting-whale_1f433.png
dolphin,https://emojipedia-us.s3.dualstack.us-west-1.amazonaws.com/thumbs/72/docomo/205/dolphin_1f42c.png
fish,https://emojipedia-us.s3.dualstack.us-west-1.amazonaws.com/thumbs/72/docomo/205/fish_1f41f.png
tropical_fish,https://emojipedia-us.s3.dualstack.us-west-1.amazonaws.com/thumbs/72/docomo/205/tropical-fish_1f420.png
blowfish,https://emojipedia-us.s3.dualstack.us-west-1.amazonaws.com/thumbs/72/docomo/205/blowfish_1f421.png
octopus,https://emojipedia-us.s3.dualstack.us-west-1.amazonaws.com/thumbs/72/docomo/205/octopus_1f419.png
spiral_shell,https://emojipedia-us.s3.dualstack.us-west-1.amazonaws.com/thumbs/72/docomo/205/spiral-shell_1f41a.png
snail,https://emojipedia-us.s3.dualstack.us-west-1.amazonaws.com/thumbs/72/docomo/205/snail_1f40c.png
bug,https://emojipedia-us.s3.dualstack.us-west-1.amazonaws.com/thumbs/72/docomo/205/bug_1f41b.png
ant,https://emojipedia-us.s3.dualstack.us-west-1.amazonaws.com/thumbs/72/docomo/205/ant_1f41c.png
honeybee,https://emojipedia-us.s3.dualstack.us-west-1.amazonaws.com/thumbs/72/docomo/205/honeybee_1f41d.png
lady_beetle,https://emojipedia-us.s3.dualstack.us-west-1.amazonaws.com/thumbs/72/docomo/205/lady-beetle_1f41e.png
bouquet,https://emojipedia-us.s3.dualstack.us-west-1.amazonaws.com/thumbs/72/docomo/205/bouquet_1f490.png
cherry_blossom,https://emojipedia-us.s3.dualstack.us-west-1.amazonaws.com/thumbs/72/docomo/205/cherry-blossom_1f338.png
white_flower,https://emojipedia-us.s3.dualstack.us-west-1.amazonaws.com/thumbs/72/docomo/205/white-flower_1f4ae.png
rose,https://emojipedia-us.s3.dualstack.us-west-1.amazonaws.com/thumbs/72/docomo/205/rose_1f339.png
hibiscus,https://emojipedia-us.s3.dualstack.us-west-1.amazonaws.com/thumbs/72/docomo/205/hibiscus_1f33a.png
sunflower,https://emojipedia-us.s3.dualstack.us-west-1.amazonaws.com/thumbs/72/docomo/205/sunflower_1f33b.png
blossom,https://emojipedia-us.s3.dualstack.us-west-1.amazonaws.com/thumbs/72/docomo/205/blossom_1f33c.png
tulip,https://emojipedia-us.s3.dualstack.us-west-1.amazonaws.com/thumbs/72/docomo/205/tulip_1f337.png
seedling,https://emojipedia-us.s3.dualstack.us-west-1.amazonaws.com/thumbs/72/docomo/205/seedling_1f331.png
palm_tree,https://emojipedia-us.s3.dualstack.us-west-1.amazonaws.com/thumbs/72/docomo/205/palm-tree_1f334.png
cactus,https://emojipedia-us.s3.dualstack.us-west-1.amazonaws.com/thumbs/72/docomo/205/cactus_1f335.png
sheaf_of_rice,https://emojipedia-us.s3.dualstack.us-west-1.amazonaws.com/thumbs/72/docomo/205/ear-of-rice_1f33e.png
herb,https://emojipedia-us.s3.dualstack.us-west-1.amazonaws.com/thumbs/72/docomo/205/herb_1f33f.png
four_leaf_clover,https://emojipedia-us.s3.dualstack.us-west-1.amazonaws.com/thumbs/72/docomo/205/four-leaf-clover_1f340.png
maple_leaf,https://emojipedia-us.s3.dualstack.us-west-1.amazonaws.com/thumbs/72/docomo/205/maple-leaf_1f341.png
fallen_leaf,https://emojipedia-us.s3.dualstack.us-west-1.amazonaws.com/thumbs/72/docomo/205/fallen-leaf_1f342.png
leaf_fluttering_in_wind,https://emojipedia-us.s3.dualstack.us-west-1.amazonaws.com/thumbs/72/docomo/205/leaf-fluttering-in-wind_1f343.png
grapes,https://emojipedia-us.s3.dualstack.us-west-1.amazonaws.com/thumbs/72/docomo/205/grapes_1f347.png
melon,https://emojipedia-us.s3.dualstack.us-west-1.amazonaws.com/thumbs/72/docomo/205/melon_1f348.png
watermelon,https://emojipedia-us.s3.dualstack.us-west-1.amazonaws.com/thumbs/72/docomo/205/watermelon_1f349.png
tangerine,https://emojipedia-us.s3.dualstack.us-west-1.amazonaws.com/thumbs/72/docomo/205/tangerine_1f34a.png
banana,https://emojipedia-us.s3.dualstack.us-west-1.amazonaws.com/thumbs/72/docomo/205/banana_1f34c.png
pineapple,https://emojipedia-us.s3.dualstack.us-west-1.amazonaws.com/thumbs/72/docomo/205/pineapple_1f34d.png
red_apple,https://emojipedia-us.s3.dualstack.us-west-1.amazonaws.com/thumbs/72/docomo/205/red-apple_1f34e.png
green_apple,https://emojipedia-us.s3.dualstack.us-west-1.amazonaws.com/thumbs/72/docomo/205/green-apple_1f34f.png
peach,https://emojipedia-us.s3.dualstack.us-west-1.amazonaws.com/thumbs/72/docomo/205/peach_1f351.png
cherries,https://emojipedia-us.s3.dualstack.us-west-1.amazonaws.com/thumbs/72/docomo/205/cherries_1f352.png
strawberry,https://emojipedia-us.s3.dualstack.us-west-1.amazonaws.com/thumbs/72/docomo/205/strawberry_1f353.png
tomato,https://emojipedia-us.s3.dualstack.us-west-1.amazonaws.com/thumbs/72/docomo/205/tomato_1f345.png
eggplant,https://emojipedia-us.s3.dualstack.us-west-1.amazonaws.com/thumbs/72/docomo/205/aubergine_1f346.png
ear_of_corn,https://emojipedia-us.s3.dualstack.us-west-1.amazonaws.com/thumbs/72/docomo/205/ear-of-maize_1f33d.png
mushroom,https://emojipedia-us.s3.dualstack.us-west-1.amazonaws.com/thumbs/72/docomo/205/mushroom_1f344.png
chestnut,https://emojipedia-us.s3.dualstack.us-west-1.amazonaws.com/thumbs/72/docomo/205/chestnut_1f330.png
bread,https://emojipedia-us.s3.dualstack.us-west-1.amazonaws.com/thumbs/72/docomo/205/bread_1f35e.png
meat_on_bone,https://emojipedia-us.s3.dualstack.us-west-1.amazonaws.com/thumbs/72/docomo/205/meat-on-bone_1f356.png
poultry_leg,https://emojipedia-us.s3.dualstack.us-west-1.amazonaws.com/thumbs/72/docomo/205/poultry-leg_1f357.png
hamburger,https://emojipedia-us.s3.dualstack.us-west-1.amazonaws.com/thumbs/72/docomo/205/hamburger_1f354.png
french_fries,https://emojipedia-us.s3.dualstack.us-west-1.amazonaws.com/thumbs/72/docomo/205/french-fries_1f35f.png
pizza,https://emojipedia-us.s3.dualstack.us-west-1.amazonaws.com/thumbs/72/docomo/205/slice-of-pizza_1f355.png
cooking,https://emojipedia-us.s3.dualstack.us-west-1.amazonaws.com/thumbs/72/docomo/205/cooking_1f373.png
pot_of_food,https://emojipedia-us.s3.dualstack.us-west-1.amazonaws.com/thumbs/72/docomo/205/pot-of-food_1f372.png
bento_box,https://emojipedia-us.s3.dualstack.us-west-1.amazonaws.com/thumbs/72/docomo/205/bento-box_1f371.png
rice_cracker,https://emojipedia-us.s3.dualstack.us-west-1.amazonaws.com/thumbs/72/docomo/205/rice-cracker_1f358.png
rice_ball,https://emojipedia-us.s3.dualstack.us-west-1.amazonaws.com/thumbs/72/docomo/205/rice-ball_1f359.png
cooked_rice,https://emojipedia-us.s3.dualstack.us-west-1.amazonaws.com/thumbs/72/docomo/205/cooked-rice_1f35a.png
curry_rice,https://emojipedia-us.s3.dualstack.us-west-1.amazonaws.com/thumbs/72/docomo/205/curry-and-rice_1f35b.png
steaming_bowl,https://emojipedia-us.s3.dualstack.us-west-1.amazonaws.com/thumbs/72/docomo/205/steaming-bowl_1f35c.png
spaghetti,https://emojipedia-us.s3.dualstack.us-west-1.amazonaws.com/thumbs/72/docomo/205/spaghetti_1f35d.png
roasted_sweet_potato,https://emojipedia-us.s3.dualstack.us-west-1.amazonaws.com/thumbs/72/docomo/205/roasted-sweet-potato_1f360.png
oden,https://emojipedia-us.s3.dualstack.us-west-1.amazonaws.com/thumbs/72/docomo/205/oden_1f362.png
sushi,https://emojipedia-us.s3.dualstack.us-west-1.amazonaws.com/thumbs/72/docomo/205/sushi_1f363.png
fried_shrimp,https://emojipedia-us.s3.dualstack.us-west-1.amazonaws.com/thumbs/72/docomo/205/fried-shrimp_1f364.png
fish_cake_with_swirl,https://emojipedia-us.s3.dualstack.us-west-1.amazonaws.com/thumbs/72/docomo/205/fish-cake-with-swirl-design_1f365.png
dango,https://emojipedia-us.s3.dualstack.us-west-1.amazonaws.com/thumbs/72/docomo/205/dango_1f361.png
soft_ice_cream,https://emojipedia-us.s3.dualstack.us-west-1.amazonaws.com/thumbs/72/docomo/205/soft-ice-cream_1f366.png
shaved_ice,https://emojipedia-us.s3.dualstack.us-west-1.amazonaws.com/thumbs/72/docomo/205/shaved-ice_1f367.png
ice_cream,https://emojipedia-us.s3.dualstack.us-west-1.amazonaws.com/thumbs/72/docomo/205/ice-cream_1f368.png
doughnut,https://emojipedia-us.s3.dualstack.us-west-1.amazonaws.com/thumbs/72/docomo/205/doughnut_1f369.png
cookie,https://emojipedia-us.s3.dualstack.us-west-1.amazonaws.com/thumbs/72/docomo/205/cookie_1f36a.png
birthday_cake,https://emojipedia-us.s3.dualstack.us-west-1.amazonaws.com/thumbs/72/docomo/205/birthday-cake_1f382.png
shortcake,https://emojipedia-us.s3.dualstack.us-west-1.amazonaws.com/thumbs/72/docomo/205/shortcake_1f370.png
chocolate_bar,https://emojipedia-us.s3.dualstack.us-west-1.amazonaws.com/thumbs/72/docomo/205/chocolate-bar_1f36b.png
candy,https://emojipedia-us.s3.dualstack.us-west-1.amazonaws.com/thumbs/72/docomo/205/candy_1f36c.png
lollipop,https://emojipedia-us.s3.dualstack.us-west-1.amazonaws.com/thumbs/72/docomo/205/lollipop_1f36d.png
custard,https://emojipedia-us.s3.dualstack.us-west-1.amazonaws.com/thumbs/72/docomo/205/custard_1f36e.png
honey_pot,https://emojipedia-us.s3.dualstack.us-west-1.amazonaws.com/thumbs/72/docomo/205/honey-pot_1f36f.png
hot_beverage,https://emojipedia-us.s3.dualstack.us-west-1.amazonaws.com/thumbs/72/docomo/205/hot-beverage_2615.png
teacup_without_handle,https://emojipedia-us.s3.dualstack.us-west-1.amazonaws.com/thumbs/72/docomo/205/teacup-without-handle_1f375.png
sake,https://emojipedia-us.s3.dualstack.us-west-1.amazonaws.com/thumbs/72/docomo/205/sake-bottle-and-cup_1f376.png
wine_glass,https://emojipedia-us.s3.dualstack.us-west-1.amazonaws.com/thumbs/72/docomo/205/wine-glass_1f377.png
cocktail_glass,https://emojipedia-us.s3.dualstack.us-west-1.amazonaws.com/thumbs/72/docomo/205/cocktail-glass_1f378.png
tropical_drink,https://emojipedia-us.s3.dualstack.us-west-1.amazonaws.com/thumbs/72/docomo/205/tropical-drink_1f379.png
beer_mug,https://emojipedia-us.s3.dualstack.us-west-1.amazonaws.com/thumbs/72/docomo/205/beer-mug_1f37a.png
clinking_beer_mugs,https://emojipedia-us.s3.dualstack.us-west-1.amazonaws.com/thumbs/72/docomo/205/clinking-beer-mugs_1f37b.png
fork_and_knife,https://emojipedia-us.s3.dualstack.us-west-1.amazonaws.com/thumbs/72/docomo/205/fork-and-knife_1f374.png
kitchen_knife,https://emojipedia-us.s3.dualstack.us-west-1.amazonaws.com/thumbs/72/docomo/205/hocho_1f52a.png
globe_showing_asia_australia,https://emojipedia-us.s3.dualstack.us-west-1.amazonaws.com/thumbs/72/docomo/205/earth-globe-asia-australia_1f30f.png
map_of_japan,https://emojipedia-us.s3.dualstack.us-west-1.amazonaws.com/thumbs/72/docomo/205/silhouette-of-japan_1f5fe.png
volcano,https://emojipedia-us.s3.dualstack.us-west-1.amazonaws.com/thumbs/72/docomo/205/volcano_1f30b.png
mount_fuji,https://emojipedia-us.s3.dualstack.us-west-1.amazonaws.com/thumbs/72/docomo/205/mount-fuji_1f5fb.png
house,https://emojipedia-us.s3.dualstack.us-west-1.amazonaws.com/thumbs/72/docomo/205/house-building_1f3e0.png
house_with_garden,https://emojipedia-us.s3.dualstack.us-west-1.amazonaws.com/thumbs/72/docomo/205/house-with-garden_1f3e1.png
office_building,https://emojipedia-us.s3.dualstack.us-west-1.amazonaws.com/thumbs/72/docomo/205/office-building_1f3e2.png
japanese_post_office,https://emojipedia-us.s3.dualstack.us-west-1.amazonaws.com/thumbs/72/docomo/205/japanese-post-office_1f3e3.png
hospital,https://emojipedia-us.s3.dualstack.us-west-1.amazonaws.com/thumbs/72/docomo/205/hospital_1f3e5.png
bank,https://emojipedia-us.s3.dualstack.us-west-1.amazonaws.com/thumbs/72/docomo/205/bank_1f3e6.png
hotel,https://emojipedia-us.s3.dualstack.us-west-1.amazonaws.com/thumbs/72/docomo/205/hotel_1f3e8.png
love_hotel,https://emojipedia-us.s3.dualstack.us-west-1.amazonaws.com/thumbs/72/docomo/205/love-hotel_1f3e9.png
convenience_store,https://emojipedia-us.s3.dualstack.us-west-1.amazonaws.com/thumbs/72/docomo/205/convenience-store_1f3ea.png
school,https://emojipedia-us.s3.dualstack.us-west-1.amazonaws.com/thumbs/72/docomo/205/school_1f3eb.png
department_store,https://emojipedia-us.s3.dualstack.us-west-1.amazonaws.com/thumbs/72/docomo/205/department-store_1f3ec.png
factory,https://emojipedia-us.s3.dualstack.us-west-1.amazonaws.com/thumbs/72/docomo/205/factory_1f3ed.png
japanese_castle,https://emojipedia-us.s3.dualstack.us-west-1.amazonaws.com/thumbs/72/docomo/205/japanese-castle_1f3ef.png
castle,https://emojipedia-us.s3.dualstack.us-west-1.amazonaws.com/thumbs/72/docomo/205/european-castle_1f3f0.png
wedding,https://emojipedia-us.s3.dualstack.us-west-1.amazonaws.com/thumbs/72/docomo/205/wedding_1f492.png
tokyo_tower,https://emojipedia-us.s3.dualstack.us-west-1.amazonaws.com/thumbs/72/docomo/205/tokyo-tower_1f5fc.png
statue_of_liberty,https://emojipedia-us.s3.dualstack.us-west-1.amazonaws.com/thumbs/72/docomo/205/statue-of-liberty_1f5fd.png
church,https://emojipedia-us.s3.dualstack.us-west-1.amazonaws.com/thumbs/72/docomo/205/church_26ea.png
fountain,https://emojipedia-us.s3.dualstack.us-west-1.amazonaws.com/thumbs/72/docomo/205/fountain_26f2.png
tent,https://emojipedia-us.s3.dualstack.us-west-1.amazonaws.com/thumbs/72/docomo/205/tent_26fa.png
foggy,https://emojipedia-us.s3.dualstack.us-west-1.amazonaws.com/thumbs/72/docomo/205/foggy_1f301.png
night_with_stars,https://emojipedia-us.s3.dualstack.us-west-1.amazonaws.com/thumbs/72/docomo/205/night-with-stars_1f303.png
sunrise_over_mountains,https://emojipedia-us.s3.dualstack.us-west-1.amazonaws.com/thumbs/72/docomo/205/sunrise-over-mountains_1f304.png
sunrise,https://emojipedia-us.s3.dualstack.us-west-1.amazonaws.com/thumbs/72/docomo/205/sunrise_1f305.png
cityscape_at_dusk,https://emojipedia-us.s3.dualstack.us-west-1.amazonaws.com/thumbs/72/docomo/205/cityscape-at-dusk_1f306.png
sunset,https://emojipedia-us.s3.dualstack.us-west-1.amazonaws.com/thumbs/72/docomo/205/sunset-over-buildings_1f307.png
bridge_at_night,https://emojipedia-us.s3.dualstack.us-west-1.amazonaws.com/thumbs/72/docomo/205/bridge-at-night_1f309.png
hot_springs,https://emojipedia-us.s3.dualstack.us-west-1.amazonaws.com/thumbs/72/docomo/205/hot-springs_2668.png
carousel_horse,https://emojipedia-us.s3.dualstack.us-west-1.amazonaws.com/thumbs/72/docomo/205/carousel-horse_1f3a0.png
ferris_wheel,https://emojipedia-us.s3.dualstack.us-west-1.amazonaws.com/thumbs/72/docomo/205/ferris-wheel_1f3a1.png
roller_coaster,https://emojipedia-us.s3.dualstack.us-west-1.amazonaws.com/thumbs/72/docomo/205/roller-coaster_1f3a2.png
barber_pole,https://emojipedia-us.s3.dualstack.us-west-1.amazonaws.com/thumbs/72/docomo/205/barber-pole_1f488.png
circus_tent,https://emojipedia-us.s3.dualstack.us-west-1.amazonaws.com/thumbs/72/docomo/205/circus-tent_1f3aa.png
railway_car,https://emojipedia-us.s3.dualstack.us-west-1.amazonaws.com/thumbs/72/docomo/205/railway-car_1f683.png
high_speed_train,https://emojipedia-us.s3.dualstack.us-west-1.amazonaws.com/thumbs/72/docomo/205/high-speed-train_1f684.png
bullet_train,https://emojipedia-us.s3.dualstack.us-west-1.amazonaws.com/thumbs/72/docomo/205/high-speed-train-with-bullet-nose_1f685.png
metro,https://emojipedia-us.s3.dualstack.us-west-1.amazonaws.com/thumbs/72/docomo/205/metro_1f687.png
station,https://emojipedia-us.s3.dualstack.us-west-1.amazonaws.com/thumbs/72/docomo/205/station_1f689.png
bus,https://emojipedia-us.s3.dualstack.us-west-1.amazonaws.com/thumbs/72/docomo/205/bus_1f68c.png
ambulance,https://emojipedia-us.s3.dualstack.us-west-1.amazonaws.com/thumbs/72/docomo/205/ambulance_1f691.png
fire_engine,https://emojipedia-us.s3.dualstack.us-west-1.amazonaws.com/thumbs/72/docomo/205/fire-engine_1f692.png
police_car,https://emojipedia-us.s3.dualstack.us-west-1.amazonaws.com/thumbs/72/docomo/205/police-car_1f693.png
taxi,https://emojipedia-us.s3.dualstack.us-west-1.amazonaws.com/thumbs/72/docomo/205/taxi_1f695.png
automobile,https://emojipedia-us.s3.dualstack.us-west-1.amazonaws.com/thumbs/72/docomo/205/automobile_1f697.png
sport_utility_vehicle,https://emojipedia-us.s3.dualstack.us-west-1.amazonaws.com/thumbs/72/docomo/205/recreational-vehicle_1f699.png
delivery_truck,https://emojipedia-us.s3.dualstack.us-west-1.amazonaws.com/thumbs/72/docomo/205/delivery-truck_1f69a.png
bicycle,https://emojipedia-us.s3.dualstack.us-west-1.amazonaws.com/thumbs/72/docomo/205/bicycle_1f6b2.png
bus_stop,https://emojipedia-us.s3.dualstack.us-west-1.amazonaws.com/thumbs/72/docomo/205/bus-stop_1f68f.png
fuel_pump,https://emojipedia-us.s3.dualstack.us-west-1.amazonaws.com/thumbs/72/docomo/205/fuel-pump_26fd.png
police_car_light,https://emojipedia-us.s3.dualstack.us-west-1.amazonaws.com/thumbs/72/docomo/205/police-cars-revolving-light_1f6a8.png
horizontal_traffic_light,https://emojipedia-us.s3.dualstack.us-west-1.amazonaws.com/thumbs/72/docomo/205/horizontal-traffic-light_1f6a5.png
construction,https://emojipedia-us.s3.dualstack.us-west-1.amazonaws.com/thumbs/72/docomo/205/construction-sign_1f6a7.png
anchor,https://emojipedia-us.s3.dualstack.us-west-1.amazonaws.com/thumbs/72/docomo/205/anchor_2693.png
sailboat,https://emojipedia-us.s3.dualstack.us-west-1.amazonaws.com/thumbs/72/docomo/205/sailboat_26f5.png
speedboat,https://emojipedia-us.s3.dualstack.us-west-1.amazonaws.com/thumbs/72/docomo/205/speedboat_1f6a4.png
ship,https://emojipedia-us.s3.dualstack.us-west-1.amazonaws.com/thumbs/72/docomo/205/ship_1f6a2.png
airplane,https://emojipedia-us.s3.dualstack.us-west-1.amazonaws.com/thumbs/72/docomo/205/airplane_2708.png
seat,https://emojipedia-us.s3.dualstack.us-west-1.amazonaws.com/thumbs/72/docomo/205/seat_1f4ba.png
rocket,https://emojipedia-us.s3.dualstack.us-west-1.amazonaws.com/thumbs/72/docomo/205/rocket_1f680.png
hourglass_done,https://emojipedia-us.s3.dualstack.us-west-1.amazonaws.com/thumbs/72/docomo/205/hourglass_231b.png
hourglass_not_done,https://emojipedia-us.s3.dualstack.us-west-1.amazonaws.com/thumbs/72/docomo/205/hourglass-with-flowing-sand_23f3.png
watch,https://emojipedia-us.s3.dualstack.us-west-1.amazonaws.com/thumbs/72/docomo/205/watch_231a.png
alarm_clock,https://emojipedia-us.s3.dualstack.us-west-1.amazonaws.com/thumbs/72/docomo/205/alarm-clock_23f0.png
twelve_oclock,https://emojipedia-us.s3.dualstack.us-west-1.amazonaws.com/thumbs/72/docomo/205/clock-face-twelve-oclock_1f55b.png
one_oclock,https://emojipedia-us.s3.dualstack.us-west-1.amazonaws.com/thumbs/72/docomo/205/clock-face-one-oclock_1f550.png
two_oclock,https://emojipedia-us.s3.dualstack.us-west-1.amazonaws.com/thumbs/72/docomo/205/clock-face-two-oclock_1f551.png
three_oclock,https://emojipedia-us.s3.dualstack.us-west-1.amazonaws.com/thumbs/72/docomo/205/clock-face-three-oclock_1f552.png
four_oclock,https://emojipedia-us.s3.dualstack.us-west-1.amazonaws.com/thumbs/72/docomo/205/clock-face-four-oclock_1f553.png
five_oclock,https://emojipedia-us.s3.dualstack.us-west-1.amazonaws.com/thumbs/72/docomo/205/clock-face-five-oclock_1f554.png
six_oclock,https://emojipedia-us.s3.dualstack.us-west-1.amazonaws.com/thumbs/72/docomo/205/clock-face-six-oclock_1f555.png
seven_oclock,https://emojipedia-us.s3.dualstack.us-west-1.amazonaws.com/thumbs/72/docomo/205/clock-face-seven-oclock_1f556.png
eight_oclock,https://emojipedia-us.s3.dualstack.us-west-1.amazonaws.com/thumbs/72/docomo/205/clock-face-eight-oclock_1f557.png
nine_oclock,https://emojipedia-us.s3.dualstack.us-west-1.amazonaws.com/thumbs/72/docomo/205/clock-face-nine-oclock_1f558.png
ten_oclock,https://emojipedia-us.s3.dualstack.us-west-1.amazonaws.com/thumbs/72/docomo/205/clock-face-ten-oclock_1f559.png
eleven_oclock,https://emojipedia-us.s3.dualstack.us-west-1.amazonaws.com/thumbs/72/docomo/205/clock-face-eleven-oclock_1f55a.png
new_moon,https://emojipedia-us.s3.dualstack.us-west-1.amazonaws.com/thumbs/72/docomo/205/new-moon-symbol_1f311.png
first_quarter_moon,https://emojipedia-us.s3.dualstack.us-west-1.amazonaws.com/thumbs/72/docomo/205/first-quarter-moon-symbol_1f313.png
waxing_gibbous_moon,https://emojipedia-us.s3.dualstack.us-west-1.amazonaws.com/thumbs/72/docomo/205/waxing-gibbous-moon-symbol_1f314.png
full_moon,https://emojipedia-us.s3.dualstack.us-west-1.amazonaws.com/thumbs/72/docomo/205/full-moon-symbol_1f315.png
crescent_moon,https://emojipedia-us.s3.dualstack.us-west-1.amazonaws.com/thumbs/72/docomo/205/crescent-moon_1f319.png
first_quarter_moon_face,https://emojipedia-us.s3.dualstack.us-west-1.amazonaws.com/thumbs/72/docomo/205/first-quarter-moon-with-face_1f31b.png
sun,https://emojipedia-us.s3.dualstack.us-west-1.amazonaws.com/thumbs/72/docomo/205/black-sun-with-rays_2600.png
star,https://emojipedia-us.s3.dualstack.us-west-1.amazonaws.com/thumbs/72/docomo/205/white-medium-star_2b50.png
glowing_star,https://emojipedia-us.s3.dualstack.us-west-1.amazonaws.com/thumbs/72/docomo/205/glowing-star_1f31f.png
shooting_star,https://emojipedia-us.s3.dualstack.us-west-1.amazonaws.com/thumbs/72/docomo/205/shooting-star_1f320.png
milky_way,https://emojipedia-us.s3.dualstack.us-west-1.amazonaws.com/thumbs/72/docomo/205/milky-way_1f30c.png
cloud,https://emojipedia-us.s3.dualstack.us-west-1.amazonaws.com/thumbs/72/docomo/205/cloud_2601.png
sun_behind_cloud,https://emojipedia-us.s3.dualstack.us-west-1.amazonaws.com/thumbs/72/docomo/205/sun-behind-cloud_26c5.png
cyclone,https://emojipedia-us.s3.dualstack.us-west-1.amazonaws.com/thumbs/72/docomo/205/cyclone_1f300.png
rainbow,https://emojipedia-us.s3.dualstack.us-west-1.amazonaws.com/thumbs/72/docomo/205/rainbow_1f308.png
closed_umbrella,https://emojipedia-us.s3.dualstack.us-west-1.amazonaws.com/thumbs/72/docomo/205/closed-umbrella_1f302.png
umbrella_with_rain_drops,https://emojipedia-us.s3.dualstack.us-west-1.amazonaws.com/thumbs/72/docomo/205/umbrella-with-rain-drops_2614.png
high_voltage,https://emojipedia-us.s3.dualstack.us-west-1.amazonaws.com/thumbs/72/docomo/205/high-voltage-sign_26a1.png
snowflake,https://emojipedia-us.s3.dualstack.us-west-1.amazonaws.com/thumbs/72/docomo/205/snowflake_2744.png
snowman_without_snow,https://emojipedia-us.s3.dualstack.us-west-1.amazonaws.com/thumbs/72/docomo/205/snowman-without-snow_26c4.png
fire,https://emojipedia-us.s3.dualstack.us-west-1.amazonaws.com/thumbs/72/docomo/205/fire_1f525.png
droplet,https://emojipedia-us.s3.dualstack.us-west-1.amazonaws.com/thumbs/72/docomo/205/droplet_1f4a7.png
water_wave,https://emojipedia-us.s3.dualstack.us-west-1.amazonaws.com/thumbs/72/docomo/205/water-wave_1f30a.png
jack_o_lantern,https://emojipedia-us.s3.dualstack.us-west-1.amazonaws.com/thumbs/72/docomo/205/jack-o-lantern_1f383.png
christmas_tree,https://emojipedia-us.s3.dualstack.us-west-1.amazonaws.com/thumbs/72/docomo/205/christmas-tree_1f384.png
fireworks,https://emojipedia-us.s3.dualstack.us-west-1.amazonaws.com/thumbs/72/docomo/205/fireworks_1f386.png
sparkler,https://emojipedia-us.s3.dualstack.us-west-1.amazonaws.com/thumbs/72/docomo/205/firework-sparkler_1f387.png
sparkles,https://emojipedia-us.s3.dualstack.us-west-1.amazonaws.com/thumbs/72/docomo/205/sparkles_2728.png
balloon,https://emojipedia-us.s3.dualstack.us-west-1.amazonaws.com/thumbs/72/docomo/205/balloon_1f388.png
party_popper,https://emojipedia-us.s3.dualstack.us-west-1.amazonaws.com/thumbs/72/docomo/205/party-popper_1f389.png
confetti_ball,https://emojipedia-us.s3.dualstack.us-west-1.amazonaws.com/thumbs/72/docomo/205/confetti-ball_1f38a.png
tanabata_tree,https://emojipedia-us.s3.dualstack.us-west-1.amazonaws.com/thumbs/72/docomo/205/tanabata-tree_1f38b.png
pine_decoration,https://emojipedia-us.s3.dualstack.us-west-1.amazonaws.com/thumbs/72/docomo/205/pine-decoration_1f38d.png
japanese_dolls,https://emojipedia-us.s3.dualstack.us-west-1.amazonaws.com/thumbs/72/docomo/205/japanese-dolls_1f38e.png
carp_streamer,https://emojipedia-us.s3.dualstack.us-west-1.amazonaws.com/thumbs/72/docomo/205/carp-streamer_1f38f.png
wind_chime,https://emojipedia-us.s3.dualstack.us-west-1.amazonaws.com/thumbs/72/docomo/205/wind-chime_1f390.png
moon_viewing_ceremony,https://emojipedia-us.s3.dualstack.us-west-1.amazonaws.com/thumbs/72/docomo/205/moon-viewing-ceremony_1f391.png
ribbon,https://emojipedia-us.s3.dualstack.us-west-1.amazonaws.com/thumbs/72/docomo/205/ribbon_1f380.png
wrapped_gift,https://emojipedia-us.s3.dualstack.us-west-1.amazonaws.com/thumbs/72/docomo/205/wrapped-present_1f381.png
ticket,https://emojipedia-us.s3.dualstack.us-west-1.amazonaws.com/thumbs/72/docomo/205/ticket_1f3ab.png
trophy,https://emojipedia-us.s3.dualstack.us-west-1.amazonaws.com/thumbs/72/docomo/205/trophy_1f3c6.png
soccer_ball,https://emojipedia-us.s3.dualstack.us-west-1.amazonaws.com/thumbs/72/docomo/205/soccer-ball_26bd.png
baseball,https://emojipedia-us.s3.dualstack.us-west-1.amazonaws.com/thumbs/72/docomo/205/baseball_26be.png
basketball,https://emojipedia-us.s3.dualstack.us-west-1.amazonaws.com/thumbs/72/docomo/205/basketball-and-hoop_1f3c0.png
american_football,https://emojipedia-us.s3.dualstack.us-west-1.amazonaws.com/thumbs/72/docomo/205/american-football_1f3c8.png
tennis,https://emojipedia-us.s3.dualstack.us-west-1.amazonaws.com/thumbs/72/docomo/205/tennis-racquet-and-ball_1f3be.png
bowling,https://emojipedia-us.s3.dualstack.us-west-1.amazonaws.com/thumbs/72/docomo/205/bowling_1f3b3.png
flag_in_hole,https://emojipedia-us.s3.dualstack.us-west-1.amazonaws.com/thumbs/72/docomo/205/flag-in-hole_26f3.png
fishing_pole,https://emojipedia-us.s3.dualstack.us-west-1.amazonaws.com/thumbs/72/docomo/205/fishing-pole-and-fish_1f3a3.png
running_shirt,https://emojipedia-us.s3.dualstack.us-west-1.amazonaws.com/thumbs/72/docomo/205/running-shirt-with-sash_1f3bd.png
skis,https://emojipedia-us.s3.dualstack.us-west-1.amazonaws.com/thumbs/72/docomo/205/ski-and-ski-boot_1f3bf.png
bullseye,https://emojipedia-us.s3.dualstack.us-west-1.amazonaws.com/thumbs/72/docomo/205/direct-hit_1f3af.png
pool_8_ball,https://emojipedia-us.s3.dualstack.us-west-1.amazonaws.com/thumbs/72/docomo/205/billiards_1f3b1.png
crystal_ball,https://emojipedia-us.s3.dualstack.us-west-1.amazonaws.com/thumbs/72/docomo/205/crystal-ball_1f52e.png
video_game,https://emojipedia-us.s3.dualstack.us-west-1.amazonaws.com/thumbs/72/docomo/205/video-game_1f3ae.png
slot_machine,https://emojipedia-us.s3.dualstack.us-west-1.amazonaws.com/thumbs/72/docomo/205/slot-machine_1f3b0.png
game_die,https://emojipedia-us.s3.dualstack.us-west-1.amazonaws.com/thumbs/72/docomo/205/game-die_1f3b2.png
spade_suit,https://emojipedia-us.s3.dualstack.us-west-1.amazonaws.com/thumbs/72/docomo/205/black-spade-suit_2660.png
heart_suit,https://emojipedia-us.s3.dualstack.us-west-1.amazonaws.com/thumbs/72/docomo/205/black-heart-suit_2665.png
diamond_suit,https://emojipedia-us.s3.dualstack.us-west-1.amazonaws.com/thumbs/72/docomo/205/black-diamond-suit_2666.png
club_suit,https://emojipedia-us.s3.dualstack.us-west-1.amazonaws.com/thumbs/72/docomo/205/black-club-suit_2663.png
joker,https://emojipedia-us.s3.dualstack.us-west-1.amazonaws.com/thumbs/72/docomo/205/playing-card-black-joker_1f0cf.png
mahjong_red_dragon,https://emojipedia-us.s3.dualstack.us-west-1.amazonaws.com/thumbs/72/docomo/205/mahjong-tile-red-dragon_1f004.png
flower_playing_cards,https://emojipedia-us.s3.dualstack.us-west-1.amazonaws.com/thumbs/72/docomo/205/flower-playing-cards_1f3b4.png
performing_arts,https://emojipedia-us.s3.dualstack.us-west-1.amazonaws.com/thumbs/72/docomo/205/performing-arts_1f3ad.png
artist_palette,https://emojipedia-us.s3.dualstack.us-west-1.amazonaws.com/thumbs/72/docomo/205/artist-palette_1f3a8.png
glasses,https://emojipedia-us.s3.dualstack.us-west-1.amazonaws.com/thumbs/72/docomo/205/eyeglasses_1f453.png
necktie,https://emojipedia-us.s3.dualstack.us-west-1.amazonaws.com/thumbs/72/docomo/205/necktie_1f454.png
t_shirt,https://emojipedia-us.s3.dualstack.us-west-1.amazonaws.com/thumbs/72/docomo/205/t-shirt_1f455.png
jeans,https://emojipedia-us.s3.dualstack.us-west-1.amazonaws.com/thumbs/72/docomo/205/jeans_1f456.png
dress,https://emojipedia-us.s3.dualstack.us-west-1.amazonaws.com/thumbs/72/docomo/205/dress_1f457.png
kimono,https://emojipedia-us.s3.dualstack.us-west-1.amazonaws.com/thumbs/72/docomo/205/kimono_1f458.png
bikini,https://emojipedia-us.s3.dualstack.us-west-1.amazonaws.com/thumbs/72/docomo/205/bikini_1f459.png
womans_clothes,https://emojipedia-us.s3.dualstack.us-west-1.amazonaws.com/thumbs/72/docomo/205/womans-clothes_1f45a.png
purse,https://emojipedia-us.s3.dualstack.us-west-1.amazonaws.com/thumbs/72/docomo/205/purse_1f45b.png
handbag,https://emojipedia-us.s3.dualstack.us-west-1.amazonaws.com/thumbs/72/docomo/205/handbag_1f45c.png
clutch_bag,https://emojipedia-us.s3.dualstack.us-west-1.amazonaws.com/thumbs/72/docomo/205/pouch_1f45d.png
backpack,https://emojipedia-us.s3.dualstack.us-west-1.amazonaws.com/thumbs/72/docomo/205/school-satchel_1f392.png
mans_shoe,https://emojipedia-us.s3.dualstack.us-west-1.amazonaws.com/thumbs/72/docomo/205/mans-shoe_1f45e.png
running_shoe,https://emojipedia-us.s3.dualstack.us-west-1.amazonaws.com/thumbs/72/docomo/205/athletic-shoe_1f45f.png
high_heeled_shoe,https://emojipedia-us.s3.dualstack.us-west-1.amazonaws.com/thumbs/72/docomo/205/high-heeled-shoe_1f460.png
womans_sandal,https://emojipedia-us.s3.dualstack.us-west-1.amazonaws.com/thumbs/72/docomo/205/womans-sandal_1f461.png
womans_boot,https://emojipedia-us.s3.dualstack.us-west-1.amazonaws.com/thumbs/72/docomo/205/womans-boots_1f462.png
crown,https://emojipedia-us.s3.dualstack.us-west-1.amazonaws.com/thumbs/72/docomo/205/crown_1f451.png
womans_hat,https://emojipedia-us.s3.dualstack.us-west-1.amazonaws.com/thumbs/72/docomo/205/womans-hat_1f452.png
top_hat,https://emojipedia-us.s3.dualstack.us-west-1.amazonaws.com/thumbs/72/docomo/205/top-hat_1f3a9.png
graduation_cap,https://emojipedia-us.s3.dualstack.us-west-1.amazonaws.com/thumbs/72/docomo/205/graduation-cap_1f393.png
lipstick,https://emojipedia-us.s3.dualstack.us-west-1.amazonaws.com/thumbs/72/docomo/205/lipstick_1f484.png
ring,https://emojipedia-us.s3.dualstack.us-west-1.amazonaws.com/thumbs/72/docomo/205/ring_1f48d.png
gem_stone,https://emojipedia-us.s3.dualstack.us-west-1.amazonaws.com/thumbs/72/docomo/205/gem-stone_1f48e.png
speaker_high_volume,https://emojipedia-us.s3.dualstack.us-west-1.amazonaws.com/thumbs/72/docomo/205/speaker-with-three-sound-waves_1f50a.png
loudspeaker,https://emojipedia-us.s3.dualstack.us-west-1.amazonaws.com/thumbs/72/docomo/205/public-address-loudspeaker_1f4e2.png
megaphone,https://emojipedia-us.s3.dualstack.us-west-1.amazonaws.com/thumbs/72/docomo/205/cheering-megaphone_1f4e3.png
bell,https://emojipedia-us.s3.dualstack.us-west-1.amazonaws.com/thumbs/72/docomo/205/bell_1f514.png
musical_score,https://emojipedia-us.s3.dualstack.us-west-1.amazonaws.com/thumbs/72/docomo/205/musical-score_1f3bc.png
musical_note,https://emojipedia-us.s3.dualstack.us-west-1.amazonaws.com/thumbs/72/docomo/205/musical-note_1f3b5.png
musical_notes,https://emojipedia-us.s3.dualstack.us-west-1.amazonaws.com/thumbs/72/docomo/205/multiple-musical-notes_1f3b6.png
microphone,https://emojipedia-us.s3.dualstack.us-west-1.amazonaws.com/thumbs/72/docomo/205/microphone_1f3a4.png
headphone,https://emojipedia-us.s3.dualstack.us-west-1.amazonaws.com/thumbs/72/docomo/205/headphone_1f3a7.png
radio,https://emojipedia-us.s3.dualstack.us-west-1.amazonaws.com/thumbs/72/docomo/205/radio_1f4fb.png
saxophone,https://emojipedia-us.s3.dualstack.us-west-1.amazonaws.com/thumbs/72/docomo/205/saxophone_1f3b7.png
guitar,https://emojipedia-us.s3.dualstack.us-west-1.amazonaws.com/thumbs/72/docomo/205/guitar_1f3b8.png
musical_keyboard,https://emojipedia-us.s3.dualstack.us-west-1.amazonaws.com/thumbs/72/docomo/205/musical-keyboard_1f3b9.png
trumpet,https://emojipedia-us.s3.dualstack.us-west-1.amazonaws.com/thumbs/72/docomo/205/trumpet_1f3ba.png
violin,https://emojipedia-us.s3.dualstack.us-west-1.amazonaws.com/thumbs/72/docomo/205/violin_1f3bb.png
mobile_phone,https://emojipedia-us.s3.dualstack.us-west-1.amazonaws.com/thumbs/72/docomo/205/mobile-phone_1f4f1.png
mobile_phone_with_arrow,https://emojipedia-us.s3.dualstack.us-west-1.amazonaws.com/thumbs/72/docomo/205/mobile-phone-with-rightwards-arrow-at-left_1f4f2.png
telephone,https://emojipedia-us.s3.dualstack.us-west-1.amazonaws.com/thumbs/72/docomo/205/black-telephone_260e.png
telephone_receiver,https://emojipedia-us.s3.dualstack.us-west-1.amazonaws.com/thumbs/72/docomo/205/telephone-receiver_1f4de.png
pager,https://emojipedia-us.s3.dualstack.us-west-1.amazonaws.com/thumbs/72/docomo/205/pager_1f4df.png
fax_machine,https://emojipedia-us.s3.dualstack.us-west-1.amazonaws.com/thumbs/72/docomo/205/fax-machine_1f4e0.png
battery,https://emojipedia-us.s3.dualstack.us-west-1.amazonaws.com/thumbs/72/docomo/205/battery_1f50b.png
electric_plug,https://emojipedia-us.s3.dualstack.us-west-1.amazonaws.com/thumbs/72/docomo/205/electric-plug_1f50c.png
laptop,https://emojipedia-us.s3.dualstack.us-west-1.amazonaws.com/thumbs/72/docomo/205/personal-computer_1f4bb.png
computer_disk,https://emojipedia-us.s3.dualstack.us-west-1.amazonaws.com/thumbs/72/docomo/205/minidisc_1f4bd.png
floppy_disk,https://emojipedia-us.s3.dualstack.us-west-1.amazonaws.com/thumbs/72/docomo/205/floppy-disk_1f4be.png
optical_disk,https://emojipedia-us.s3.dualstack.us-west-1.amazonaws.com/thumbs/72/docomo/205/optical-disc_1f4bf.png
dvd,https://emojipedia-us.s3.dualstack.us-west-1.amazonaws.com/thumbs/72/docomo/205/dvd_1f4c0.png
movie_camera,https://emojipedia-us.s3.dualstack.us-west-1.amazonaws.com/thumbs/72/docomo/205/movie-camera_1f3a5.png
clapper_board,https://emojipedia-us.s3.dualstack.us-west-1.amazonaws.com/thumbs/72/docomo/205/clapper-board_1f3ac.png
television,https://emojipedia-us.s3.dualstack.us-west-1.amazonaws.com/thumbs/72/docomo/205/television_1f4fa.png
camera,https://emojipedia-us.s3.dualstack.us-west-1.amazonaws.com/thumbs/72/docomo/205/camera_1f4f7.png
video_camera,https://emojipedia-us.s3.dualstack.us-west-1.amazonaws.com/thumbs/72/docomo/205/video-camera_1f4f9.png
videocassette,https://emojipedia-us.s3.dualstack.us-west-1.amazonaws.com/thumbs/72/docomo/205/videocassette_1f4fc.png
magnifying_glass_tilted_left,https://emojipedia-us.s3.dualstack.us-west-1.amazonaws.com/thumbs/72/docomo/205/left-pointing-magnifying-glass_1f50d.png
magnifying_glass_tilted_right,https://emojipedia-us.s3.dualstack.us-west-1.amazonaws.com/thumbs/72/docomo/205/right-pointing-magnifying-glass_1f50e.png
light_bulb,https://emojipedia-us.s3.dualstack.us-west-1.amazonaws.com/thumbs/72/docomo/205/electric-light-bulb_1f4a1.png
flashlight,https://emojipedia-us.s3.dualstack.us-west-1.amazonaws.com/thumbs/72/docomo/205/electric-torch_1f526.png
red_paper_lantern,https://emojipedia-us.s3.dualstack.us-west-1.amazonaws.com/thumbs/72/docomo/205/izakaya-lantern_1f3ee.png
notebook_with_decorative_cover,https://emojipedia-us.s3.dualstack.us-west-1.amazonaws.com/thumbs/72/docomo/205/notebook-with-decorative-cover_1f4d4.png
closed_book,https://emojipedia-us.s3.dualstack.us-west-1.amazonaws.com/thumbs/72/docomo/205/closed-book_1f4d5.png
open_book,https://emojipedia-us.s3.dualstack.us-west-1.amazonaws.com/thumbs/72/docomo/205/open-book_1f4d6.png
green_book,https://emojipedia-us.s3.dualstack.us-west-1.amazonaws.com/thumbs/72/docomo/205/green-book_1f4d7.png
blue_book,https://emojipedia-us.s3.dualstack.us-west-1.amazonaws.com/thumbs/72/docomo/205/blue-book_1f4d8.png
orange_book,https://emojipedia-us.s3.dualstack.us-west-1.amazonaws.com/thumbs/72/docomo/205/orange-book_1f4d9.png
books,https://emojipedia-us.s3.dualstack.us-west-1.amazonaws.com/thumbs/72/docomo/205/books_1f4da.png
notebook,https://emojipedia-us.s3.dualstack.us-west-1.amazonaws.com/thumbs/72/docomo/205/notebook_1f4d3.png
ledger,https://emojipedia-us.s3.dualstack.us-west-1.amazonaws.com/thumbs/72/docomo/205/ledger_1f4d2.png
page_with_curl,https://emojipedia-us.s3.dualstack.us-west-1.amazonaws.com/thumbs/72/docomo/205/page-with-curl_1f4c3.png
scroll,https://emojipedia-us.s3.dualstack.us-west-1.amazonaws.com/thumbs/72/docomo/205/scroll_1f4dc.png
page_facing_up,https://emojipedia-us.s3.dualstack.us-west-1.amazonaws.com/thumbs/72/docomo/205/page-facing-up_1f4c4.png
newspaper,https://emojipedia-us.s3.dualstack.us-west-1.amazonaws.com/thumbs/72/docomo/205/newspaper_1f4f0.png
bookmark_tabs,https://emojipedia-us.s3.dualstack.us-west-1.amazonaws.com/thumbs/72/docomo/205/bookmark-tabs_1f4d1.png
bookmark,https://emojipedia-us.s3.dualstack.us-west-1.amazonaws.com/thumbs/72/docomo/205/bookmark_1f516.png
money_bag,https://emojipedia-us.s3.dualstack.us-west-1.amazonaws.com/thumbs/72/docomo/205/money-bag_1f4b0.png
yen_banknote,https://emojipedia-us.s3.dualstack.us-west-1.amazonaws.com/thumbs/72/docomo/205/banknote-with-yen-sign_1f4b4.png
dollar_banknote,https://emojipedia-us.s3.dualstack.us-west-1.amazonaws.com/thumbs/72/docomo/205/banknote-with-dollar-sign_1f4b5.png
money_with_wings,https://emojipedia-us.s3.dualstack.us-west-1.amazonaws.com/thumbs/72/docomo/205/money-with-wings_1f4b8.png
credit_card,https://emojipedia-us.s3.dualstack.us-west-1.amazonaws.com/thumbs/72/docomo/205/credit-card_1f4b3.png
chart_increasing_with_yen,https://emojipedia-us.s3.dualstack.us-west-1.amazonaws.com/thumbs/72/docomo/205/chart-with-upwards-trend-and-yen-sign_1f4b9.png
envelope,https://emojipedia-us.s3.dualstack.us-west-1.amazonaws.com/thumbs/72/docomo/205/envelope_2709.png
e_mail,https://emojipedia-us.s3.dualstack.us-west-1.amazonaws.com/thumbs/72/docomo/205/e-mail-symbol_1f4e7.png
incoming_envelope,https://emojipedia-us.s3.dualstack.us-west-1.amazonaws.com/thumbs/72/docomo/205/incoming-envelope_1f4e8.png
envelope_with_arrow,https://emojipedia-us.s3.dualstack.us-west-1.amazonaws.com/thumbs/72/docomo/205/envelope-with-downwards-arrow-above_1f4e9.png
outbox_tray,https://emojipedia-us.s3.dualstack.us-west-1.amazonaws.com/thumbs/72/docomo/205/outbox-tray_1f4e4.png
inbox_tray,https://emojipedia-us.s3.dualstack.us-west-1.amazonaws.com/thumbs/72/docomo/205/inbox-tray_1f4e5.png
package,https://emojipedia-us.s3.dualstack.us-west-1.amazonaws.com/thumbs/72/docomo/205/package_1f4e6.png
closed_mailbox_with_raised_flag,https://emojipedia-us.s3.dualstack.us-west-1.amazonaws.com/thumbs/72/docomo/205/closed-mailbox-with-raised-flag_1f4eb.png
closed_mailbox_with_lowered_flag,https://emojipedia-us.s3.dualstack.us-west-1.amazonaws.com/thumbs/72/docomo/205/closed-mailbox-with-lowered-flag_1f4ea.png
postbox,https://emojipedia-us.s3.dualstack.us-west-1.amazonaws.com/thumbs/72/docomo/205/postbox_1f4ee.png
pencil,https://emojipedia-us.s3.dualstack.us-west-1.amazonaws.com/thumbs/72/docomo/205/pencil_270f.png
black_nib,https://emojipedia-us.s3.dualstack.us-west-1.amazonaws.com/thumbs/72/docomo/205/black-nib_2712.png
memo,https://emojipedia-us.s3.dualstack.us-west-1.amazonaws.com/thumbs/72/docomo/205/memo_1f4dd.png
briefcase,https://emojipedia-us.s3.dualstack.us-west-1.amazonaws.com/thumbs/72/docomo/205/briefcase_1f4bc.png
file_folder,https://emojipedia-us.s3.dualstack.us-west-1.amazonaws.com/thumbs/72/docomo/205/file-folder_1f4c1.png
open_file_folder,https://emojipedia-us.s3.dualstack.us-west-1.amazonaws.com/thumbs/72/docomo/205/open-file-folder_1f4c2.png
calendar,https://emojipedia-us.s3.dualstack.us-west-1.amazonaws.com/thumbs/72/docomo/205/calendar_1f4c5.png
tear_off_calendar,https://emojipedia-us.s3.dualstack.us-west-1.amazonaws.com/thumbs/72/docomo/205/tear-off-calendar_1f4c6.png
card_index,https://emojipedia-us.s3.dualstack.us-west-1.amazonaws.com/thumbs/72/docomo/205/card-index_1f4c7.png
chart_increasing,https://emojipedia-us.s3.dualstack.us-west-1.amazonaws.com/thumbs/72/docomo/205/chart-with-upwards-trend_1f4c8.png
chart_decreasing,https://emojipedia-us.s3.dualstack.us-west-1.amazonaws.com/thumbs/72/docomo/205/chart-with-downwards-trend_1f4c9.png
bar_chart,https://emojipedia-us.s3.dualstack.us-west-1.amazonaws.com/thumbs/72/docomo/205/bar-chart_1f4ca.png
clipboard,https://emojipedia-us.s3.dualstack.us-west-1.amazonaws.com/thumbs/72/docomo/205/clipboard_1f4cb.png
pushpin,https://emojipedia-us.s3.dualstack.us-west-1.amazonaws.com/thumbs/72/docomo/205/pushpin_1f4cc.png
round_pushpin,https://emojipedia-us.s3.dualstack.us-west-1.amazonaws.com/thumbs/72/docomo/205/round-pushpin_1f4cd.png
paperclip,https://emojipedia-us.s3.dualstack.us-west-1.amazonaws.com/thumbs/72/docomo/205/paperclip_1f4ce.png
straight_ruler,https://emojipedia-us.s3.dualstack.us-west-1.amazonaws.com/thumbs/72/docomo/205/straight-ruler_1f4cf.png
triangular_ruler,https://emojipedia-us.s3.dualstack.us-west-1.amazonaws.com/thumbs/72/docomo/205/triangular-ruler_1f4d0.png
scissors,https://emojipedia-us.s3.dualstack.us-west-1.amazonaws.com/thumbs/72/docomo/205/black-scissors_2702.png
locked,https://emojipedia-us.s3.dualstack.us-west-1.amazonaws.com/thumbs/72/docomo/205/lock_1f512.png
unlocked,https://emojipedia-us.s3.dualstack.us-west-1.amazonaws.com/thumbs/72/docomo/205/open-lock_1f513.png
locked_with_pen,https://emojipedia-us.s3.dualstack.us-west-1.amazonaws.com/thumbs/72/docomo/205/lock-with-ink-pen_1f50f.png
locked_with_key,https://emojipedia-us.s3.dualstack.us-west-1.amazonaws.com/thumbs/72/docomo/205/closed-lock-with-key_1f510.png
key,https://emojipedia-us.s3.dualstack.us-west-1.amazonaws.com/thumbs/72/docomo/205/key_1f511.png
hammer,https://emojipedia-us.s3.dualstack.us-west-1.amazonaws.com/thumbs/72/docomo/205/hammer_1f528.png
water_pistol,https://emojipedia-us.s3.dualstack.us-west-1.amazonaws.com/thumbs/72/docomo/205/pistol_1f52b.png
wrench,https://emojipedia-us.s3.dualstack.us-west-1.amazonaws.com/thumbs/72/docomo/205/wrench_1f527.png
nut_and_bolt,https://emojipedia-us.s3.dualstack.us-west-1.amazonaws.com/thumbs/72/docomo/205/nut-and-bolt_1f529.png
link,https://emojipedia-us.s3.dualstack.us-west-1.amazonaws.com/thumbs/72/docomo/205/link-symbol_1f517.png
satellite_antenna,https://emojipedia-us.s3.dualstack.us-west-1.amazonaws.com/thumbs/72/docomo/205/satellite-antenna_1f4e1.png
syringe,https://emojipedia-us.s3.dualstack.us-west-1.amazonaws.com/thumbs/72/docomo/205/syringe_1f489.png
pill,https://emojipedia-us.s3.dualstack.us-west-1.amazonaws.com/thumbs/72/docomo/205/pill_1f48a.png
door,https://emojipedia-us.s3.dualstack.us-west-1.amazonaws.com/thumbs/72/docomo/205/door_1f6aa.png
toilet,https://emojipedia-us.s3.dualstack.us-west-1.amazonaws.com/thumbs/72/docomo/205/toilet_1f6bd.png
cigarette,https://emojipedia-us.s3.dualstack.us-west-1.amazonaws.com/thumbs/72/docomo/205/smoking-symbol_1f6ac.png
moai,https://emojipedia-us.s3.dualstack.us-west-1.amazonaws.com/thumbs/72/docomo/205/moyai_1f5ff.png
atm_sign,https://emojipedia-us.s3.dualstack.us-west-1.amazonaws.com/thumbs/72/docomo/205/automated-teller-machine_1f3e7.png
wheelchair_symbol,https://emojipedia-us.s3.dualstack.us-west-1.amazonaws.com/thumbs/72/docomo/205/wheelchair-symbol_267f.png
mens_room,https://emojipedia-us.s3.dualstack.us-west-1.amazonaws.com/thumbs/72/docomo/205/mens-symbol_1f6b9.png
womens_room,https://emojipedia-us.s3.dualstack.us-west-1.amazonaws.com/thumbs/72/docomo/205/womens-symbol_1f6ba.png
restroom,https://emojipedia-us.s3.dualstack.us-west-1.amazonaws.com/thumbs/72/docomo/205/restroom_1f6bb.png
baby_symbol,https://emojipedia-us.s3.dualstack.us-west-1.amazonaws.com/thumbs/72/docomo/205/baby-symbol_1f6bc.png
water_closet,https://emojipedia-us.s3.dualstack.us-west-1.amazonaws.com/thumbs/72/docomo/205/water-closet_1f6be.png
warning,https://emojipedia-us.s3.dualstack.us-west-1.amazonaws.com/thumbs/72/docomo/205/warning-sign_26a0.png
no_entry,https://emojipedia-us.s3.dualstack.us-west-1.amazonaws.com/thumbs/72/docomo/205/no-entry_26d4.png
prohibited,https://emojipedia-us.s3.dualstack.us-west-1.amazonaws.com/thumbs/72/docomo/205/no-entry-sign_1f6ab.png
no_smoking,https://emojipedia-us.s3.dualstack.us-west-1.amazonaws.com/thumbs/72/docomo/205/no-smoking-symbol_1f6ad.png
no_one_under_eighteen,https://emojipedia-us.s3.dualstack.us-west-1.amazonaws.com/thumbs/72/docomo/205/no-one-under-eighteen-symbol_1f51e.png
up_arrow,https://emojipedia-us.s3.dualstack.us-west-1.amazonaws.com/thumbs/72/docomo/205/upwards-black-arrow_2b06.png
up_right_arrow,https://emojipedia-us.s3.dualstack.us-west-1.amazonaws.com/thumbs/72/docomo/205/north-east-arrow_2197.png
right_arrow,https://emojipedia-us.s3.dualstack.us-west-1.amazonaws.com/thumbs/72/docomo/205/black-rightwards-arrow_27a1.png
down_right_arrow,https://emojipedia-us.s3.dualstack.us-west-1.amazonaws.com/thumbs/72/docomo/205/south-east-arrow_2198.png
down_arrow,https://emojipedia-us.s3.dualstack.us-west-1.amazonaws.com/thumbs/72/docomo/205/downwards-black-arrow_2b07.png
down_left_arrow,https://emojipedia-us.s3.dualstack.us-west-1.amazonaws.com/thumbs/72/docomo/205/south-west-arrow_2199.png
left_arrow,https://emojipedia-us.s3.dualstack.us-west-1.amazonaws.com/thumbs/72/docomo/205/leftwards-black-arrow_2b05.png
up_left_arrow,https://emojipedia-us.s3.dualstack.us-west-1.amazonaws.com/thumbs/72/docomo/205/north-west-arrow_2196.png
up_down_arrow,https://emojipedia-us.s3.dualstack.us-west-1.amazonaws.com/thumbs/72/docomo/205/up-down-arrow_2195.png
left_right_arrow,https://emojipedia-us.s3.dualstack.us-west-1.amazonaws.com/thumbs/72/docomo/205/left-right-arrow_2194.png
right_arrow_curving_left,https://emojipedia-us.s3.dualstack.us-west-1.amazonaws.com/thumbs/72/docomo/205/leftwards-arrow-with-hook_21a9.png
left_arrow_curving_right,https://emojipedia-us.s3.dualstack.us-west-1.amazonaws.com/thumbs/72/docomo/205/rightwards-arrow-with-hook_21aa.png
right_arrow_curving_up,https://emojipedia-us.s3.dualstack.us-west-1.amazonaws.com/thumbs/72/docomo/205/arrow-pointing-rightwards-then-curving-upwards_2934.png
right_arrow_curving_down,https://emojipedia-us.s3.dualstack.us-west-1.amazonaws.com/thumbs/72/docomo/205/arrow-pointing-rightwards-then-curving-downwards_2935.png
clockwise_vertical_arrows,https://emojipedia-us.s3.dualstack.us-west-1.amazonaws.com/thumbs/72/docomo/205/clockwise-downwards-and-upwards-open-circle-arrows_1f503.png
back_arrow,https://emojipedia-us.s3.dualstack.us-west-1.amazonaws.com/thumbs/72/docomo/205/back-with-leftwards-arrow-above_1f519.png
end_arrow,https://emojipedia-us.s3.dualstack.us-west-1.amazonaws.com/thumbs/72/docomo/205/end-with-leftwards-arrow-above_1f51a.png
on_arrow,https://emojipedia-us.s3.dualstack.us-west-1.amazonaws.com/thumbs/72/docomo/205/on-with-exclamation-mark-with-left-right-arrow-above_1f51b.png
soon_arrow,https://emojipedia-us.s3.dualstack.us-west-1.amazonaws.com/thumbs/72/docomo/205/soon-with-rightwards-arrow-above_1f51c.png
top_arrow,https://emojipedia-us.s3.dualstack.us-west-1.amazonaws.com/thumbs/72/docomo/205/top-with-upwards-arrow-above_1f51d.png
dotted_six_pointed_star,https://emojipedia-us.s3.dualstack.us-west-1.amazonaws.com/thumbs/72/docomo/205/six-pointed-star-with-middle-dot_1f52f.png
aries,https://emojipedia-us.s3.dualstack.us-west-1.amazonaws.com/thumbs/72/docomo/205/aries_2648.png
taurus,https://emojipedia-us.s3.dualstack.us-west-1.amazonaws.com/thumbs/72/docomo/205/taurus_2649.png
gemini,https://emojipedia-us.s3.dualstack.us-west-1.amazonaws.com/thumbs/72/docomo/205/gemini_264a.png
cancer,https://emojipedia-us.s3.dualstack.us-west-1.amazonaws.com/thumbs/72/docomo/205/cancer_264b.png
leo,https://emojipedia-us.s3.dualstack.us-west-1.amazonaws.com/thumbs/72/docomo/205/leo_264c.png
virgo,https://emojipedia-us.s3.dualstack.us-west-1.amazonaws.com/thumbs/72/docomo/205/virgo_264d.png
libra,https://emojipedia-us.s3.dualstack.us-west-1.amazonaws.com/thumbs/72/docomo/205/libra_264e.png
scorpio,https://emojipedia-us.s3.dualstack.us-west-1.amazonaws.com/thumbs/72/docomo/205/scorpius_264f.png
sagittarius,https://emojipedia-us.s3.dualstack.us-west-1.amazonaws.com/thumbs/72/docomo/205/sagittarius_2650.png
capricorn,https://emojipedia-us.s3.dualstack.us-west-1.amazonaws.com/thumbs/72/docomo/205/capricorn_2651.png
aquarius,https://emojipedia-us.s3.dualstack.us-west-1.amazonaws.com/thumbs/72/docomo/205/aquarius_2652.png
pisces,https://emojipedia-us.s3.dualstack.us-west-1.amazonaws.com/thumbs/72/docomo/205/pisces_2653.png
ophiuchus,https://emojipedia-us.s3.dualstack.us-west-1.amazonaws.com/thumbs/72/docomo/205/ophiuchus_26ce.png
play_button,https://emojipedia-us.s3.dualstack.us-west-1.amazonaws.com/thumbs/72/docomo/205/black-right-pointing-triangle_25b6.png
fast_forward_button,https://emojipedia-us.s3.dualstack.us-west-1.amazonaws.com/thumbs/72/docomo/205/black-right-pointing-double-triangle_23e9.png
reverse_button,https://emojipedia-us.s3.dualstack.us-west-1.amazonaws.com/thumbs/72/docomo/205/black-left-pointing-triangle_25c0.png
fast_reverse_button,https://emojipedia-us.s3.dualstack.us-west-1.amazonaws.com/thumbs/72/docomo/205/black-left-pointing-double-triangle_23ea.png
upwards_button,https://emojipedia-us.s3.dualstack.us-west-1.amazonaws.com/thumbs/72/docomo/205/up-pointing-small-red-triangle_1f53c.png
fast_up_button,https://emojipedia-us.s3.dualstack.us-west-1.amazonaws.com/thumbs/72/docomo/205/black-up-pointing-double-triangle_23eb.png
downwards_button,https://emojipedia-us.s3.dualstack.us-west-1.amazonaws.com/thumbs/72/docomo/205/down-pointing-small-red-triangle_1f53d.png
fast_down_button,https://emojipedia-us.s3.dualstack.us-west-1.amazonaws.com/thumbs/72/docomo/205/black-down-pointing-double-triangle_23ec.png
cinema,https://emojipedia-us.s3.dualstack.us-west-1.amazonaws.com/thumbs/72/docomo/205/cinema_1f3a6.png
antenna_bars,https://emojipedia-us.s3.dualstack.us-west-1.amazonaws.com/thumbs/72/docomo/205/antenna-with-bars_1f4f6.png
vibration_mode,https://emojipedia-us.s3.dualstack.us-west-1.amazonaws.com/thumbs/72/docomo/205/vibration-mode_1f4f3.png
mobile_phone_off,https://emojipedia-us.s3.dualstack.us-west-1.amazonaws.com/thumbs/72/docomo/205/mobile-phone-off_1f4f4.png
multiply,https://emojipedia-us.s3.dualstack.us-west-1.amazonaws.com/thumbs/72/docomo/205/heavy-multiplication-x_2716.png
plus,https://emojipedia-us.s3.dualstack.us-west-1.amazonaws.com/thumbs/72/docomo/205/heavy-plus-sign_2795.png
minus,https://emojipedia-us.s3.dualstack.us-west-1.amazonaws.com/thumbs/72/docomo/205/heavy-minus-sign_2796.png
divide,https://emojipedia-us.s3.dualstack.us-west-1.amazonaws.com/thumbs/72/docomo/205/heavy-division-sign_2797.png
double_exclamation_mark,https://emojipedia-us.s3.dualstack.us-west-1.amazonaws.com/thumbs/72/docomo/205/double-exclamation-mark_203c.png
exclamation_question_mark,https://emojipedia-us.s3.dualstack.us-west-1.amazonaws.com/thumbs/72/docomo/205/exclamation-question-mark_2049.png
red_question_mark,https://emojipedia-us.s3.dualstack.us-west-1.amazonaws.com/thumbs/72/docomo/205/black-question-mark-ornament_2753.png
white_question_mark,https://emojipedia-us.s3.dualstack.us-west-1.amazonaws.com/thumbs/72/docomo/205/white-question-mark-ornament_2754.png
white_exclamation_mark,https://emojipedia-us.s3.dualstack.us-west-1.amazonaws.com/thumbs/72/docomo/205/white-exclamation-mark-ornament_2755.png
red_exclamation_mark,https://emojipedia-us.s3.dualstack.us-west-1.amazonaws.com/thumbs/72/docomo/205/heavy-exclamation-mark-symbol_2757.png
wavy_dash,https://emojipedia-us.s3.dualstack.us-west-1.amazonaws.com/thumbs/72/docomo/205/wavy-dash_3030.png
currency_exchange,https://emojipedia-us.s3.dualstack.us-west-1.amazonaws.com/thumbs/72/docomo/205/currency-exchange_1f4b1.png
heavy_dollar_sign,https://emojipedia-us.s3.dualstack.us-west-1.amazonaws.com/thumbs/72/docomo/205/heavy-dollar-sign_1f4b2.png
recycling_symbol,https://emojipedia-us.s3.dualstack.us-west-1.amazonaws.com/thumbs/72/docomo/205/black-universal-recycling-symbol_267b.png
trident_emblem,https://emojipedia-us.s3.dualstack.us-west-1.amazonaws.com/thumbs/72/docomo/205/trident-emblem_1f531.png
name_badge,https://emojipedia-us.s3.dualstack.us-west-1.amazonaws.com/thumbs/72/docomo/205/name-badge_1f4db.png
japanese_symbol_for_beginner,https://emojipedia-us.s3.dualstack.us-west-1.amazonaws.com/thumbs/72/docomo/205/japanese-symbol-for-beginner_1f530.png
hollow_red_circle,https://emojipedia-us.s3.dualstack.us-west-1.amazonaws.com/thumbs/72/docomo/205/heavy-large-circle_2b55.png
check_mark_button,https://emojipedia-us.s3.dualstack.us-west-1.amazonaws.com/thumbs/72/docomo/205/white-heavy-check-mark_2705.png
check_box_with_check,https://emojipedia-us.s3.dualstack.us-west-1.amazonaws.com/thumbs/72/docomo/205/ballot-box-with-check_2611.png
check_mark,https://emojipedia-us.s3.dualstack.us-west-1.amazonaws.com/thumbs/72/docomo/205/heavy-check-mark_2714.png
cross_mark,https://emojipedia-us.s3.dualstack.us-west-1.amazonaws.com/thumbs/72/docomo/205/cross-mark_274c.png
cross_mark_button,https://emojipedia-us.s3.dualstack.us-west-1.amazonaws.com/thumbs/72/docomo/205/negative-squared-cross-mark_274e.png
curly_loop,https://emojipedia-us.s3.dualstack.us-west-1.amazonaws.com/thumbs/72/docomo/205/curly-loop_27b0.png
double_curly_loop,https://emojipedia-us.s3.dualstack.us-west-1.amazonaws.com/thumbs/72/docomo/205/double-curly-loop_27bf.png
part_alternation_mark,https://emojipedia-us.s3.dualstack.us-west-1.amazonaws.com/thumbs/72/docomo/205/part-alternation-mark_303d.png
eight_spoked_asterisk,https://emojipedia-us.s3.dualstack.us-west-1.amazonaws.com/thumbs/72/docomo/205/eight-spoked-asterisk_2733.png
eight_pointed_star,https://emojipedia-us.s3.dualstack.us-west-1.amazonaws.com/thumbs/72/docomo/205/eight-pointed-black-star_2734.png
sparkle,https://emojipedia-us.s3.dualstack.us-west-1.amazonaws.com/thumbs/72/docomo/205/sparkle_2747.png
copyright,https://emojipedia-us.s3.dualstack.us-west-1.amazonaws.com/thumbs/72/docomo/205/copyright-sign_a9.png
registered,https://emojipedia-us.s3.dualstack.us-west-1.amazonaws.com/thumbs/72/docomo/205/registered-sign_ae.png
trade_mark,https://emojipedia-us.s3.dualstack.us-west-1.amazonaws.com/thumbs/72/docomo/205/trade-mark-sign_2122.png
input_latin_uppercase,https://emojipedia-us.s3.dualstack.us-west-1.amazonaws.com/thumbs/72/docomo/205/input-symbol-for-latin-capital-letters_1f520.png
input_latin_lowercase,https://emojipedia-us.s3.dualstack.us-west-1.amazonaws.com/thumbs/72/docomo/205/input-symbol-for-latin-small-letters_1f521.png
input_numbers,https://emojipedia-us.s3.dualstack.us-west-1.amazonaws.com/thumbs/72/docomo/205/input-symbol-for-numbers_1f522.png
input_symbols,https://emojipedia-us.s3.dualstack.us-west-1.amazonaws.com/thumbs/72/docomo/205/input-symbol-for-symbols_1f523.png
input_latin_letters,https://emojipedia-us.s3.dualstack.us-west-1.amazonaws.com/thumbs/72/docomo/205/input-symbol-for-latin-letters_1f524.png
a_button_blood_type,https://emojipedia-us.s3.dualstack.us-west-1.amazonaws.com/thumbs/72/docomo/205/negative-squared-latin-capital-letter-a_1f170.png
ab_button_blood_type,https://emojipedia-us.s3.dualstack.us-west-1.amazonaws.com/thumbs/72/docomo/205/negative-squared-ab_1f18e.png
b_button_blood_type,https://emojipedia-us.s3.dualstack.us-west-1.amazonaws.com/thumbs/72/docomo/205/negative-squared-latin-capital-letter-b_1f171.png
cl_button,https://emojipedia-us.s3.dualstack.us-west-1.amazonaws.com/thumbs/72/docomo/205/squared-cl_1f191.png
cool_button,https://emojipedia-us.s3.dualstack.us-west-1.amazonaws.com/thumbs/72/docomo/205/squared-cool_1f192.png
free_button,https://emojipedia-us.s3.dualstack.us-west-1.amazonaws.com/thumbs/72/docomo/205/squared-free_1f193.png
information,https://emojipedia-us.s3.dualstack.us-west-1.amazonaws.com/thumbs/72/docomo/205/information-source_2139.png
id_button,https://emojipedia-us.s3.dualstack.us-west-1.amazonaws.com/thumbs/72/docomo/205/squared-id_1f194.png
circled_m,https://emojipedia-us.s3.dualstack.us-west-1.amazonaws.com/thumbs/72/docomo/205/circled-latin-capital-letter-m_24c2.png
new_button,https://emojipedia-us.s3.dualstack.us-west-1.amazonaws.com/thumbs/72/docomo/205/squared-new_1f195.png
ng_button,https://emojipedia-us.s3.dualstack.us-west-1.amazonaws.com/thumbs/72/docomo/205/squared-ng_1f196.png
o_button_blood_type,https://emojipedia-us.s3.dualstack.us-west-1.amazonaws.com/thumbs/72/docomo/205/negative-squared-latin-capital-letter-o_1f17e.png
ok_button,https://emojipedia-us.s3.dualstack.us-west-1.amazonaws.com/thumbs/72/docomo/205/squared-ok_1f197.png
p_button,https://emojipedia-us.s3.dualstack.us-west-1.amazonaws.com/thumbs/72/docomo/205/negative-squared-latin-capital-letter-p_1f17f.png
sos_button,https://emojipedia-us.s3.dualstack.us-west-1.amazonaws.com/thumbs/72/docomo/205/squared-sos_1f198.png
up_button,https://emojipedia-us.s3.dualstack.us-west-1.amazonaws.com/thumbs/72/docomo/205/squared-up-with-exclamation-mark_1f199.png
vs_button,https://emojipedia-us.s3.dualstack.us-west-1.amazonaws.com/thumbs/72/docomo/205/squared-vs_1f19a.png
japanese_here_button,https://emojipedia-us.s3.dualstack.us-west-1.amazonaws.com/thumbs/72/docomo/205/squared-katakana-koko_1f201.png
japanese_service_charge_button,https://emojipedia-us.s3.dualstack.us-west-1.amazonaws.com/thumbs/72/docomo/205/squared-katakana-sa_1f202.png
japanese_monthly_amount_button,https://emojipedia-us.s3.dualstack.us-west-1.amazonaws.com/thumbs/72/docomo/205/squared-cjk-unified-ideograph-6708_1f237.png
japanese_not_free_of_charge_button,https://emojipedia-us.s3.dualstack.us-west-1.amazonaws.com/thumbs/72/docomo/205/squared-cjk-unified-ideograph-6709_1f236.png
japanese_reserved_button,https://emojipedia-us.s3.dualstack.us-west-1.amazonaws.com/thumbs/72/docomo/205/squared-cjk-unified-ideograph-6307_1f22f.png
japanese_bargain_button,https://emojipedia-us.s3.dualstack.us-west-1.amazonaws.com/thumbs/72/docomo/205/circled-ideograph-advantage_1f250.png
japanese_discount_button,https://emojipedia-us.s3.dualstack.us-west-1.amazonaws.com/thumbs/72/docomo/205/squared-cjk-unified-ideograph-5272_1f239.png
japanese_free_of_charge_button,https://emojipedia-us.s3.dualstack.us-west-1.amazonaws.com/thumbs/72/docomo/205/squared-cjk-unified-ideograph-7121_1f21a.png
japanese_prohibited_button,https://emojipedia-us.s3.dualstack.us-west-1.amazonaws.com/thumbs/72/docomo/205/squared-cjk-unified-ideograph-7981_1f232.png
japanese_acceptable_button,https://emojipedia-us.s3.dualstack.us-west-1.amazonaws.com/thumbs/72/docomo/205/circled-ideograph-accept_1f251.png
japanese_application_button,https://emojipedia-us.s3.dualstack.us-west-1.amazonaws.com/thumbs/72/docomo/205/squared-cjk-unified-ideograph-7533_1f238.png
japanese_passing_grade_button,https://emojipedia-us.s3.dualstack.us-west-1.amazonaws.com/thumbs/72/docomo/205/squared-cjk-unified-ideograph-5408_1f234.png
japanese_vacancy_button,https://emojipedia-us.s3.dualstack.us-west-1.amazonaws.com/thumbs/72/docomo/205/squared-cjk-unified-ideograph-7a7a_1f233.png
japanese_congratulations_button,https://emojipedia-us.s3.dualstack.us-west-1.amazonaws.com/thumbs/72/docomo/205/circled-ideograph-congratulation_3297.png
japanese_secret_button,https://emojipedia-us.s3.dualstack.us-west-1.amazonaws.com/thumbs/72/docomo/205/circled-ideograph-secret_3299.png
japanese_open_for_business_button,https://emojipedia-us.s3.dualstack.us-west-1.amazonaws.com/thumbs/72/docomo/205/squared-cjk-unified-ideograph-55b6_1f23a.png
japanese_no_vacancy_button,https://emojipedia-us.s3.dualstack.us-west-1.amazonaws.com/thumbs/72/docomo/205/squared-cjk-unified-ideograph-6e80_1f235.png
red_circle,https://emojipedia-us.s3.dualstack.us-west-1.amazonaws.com/thumbs/72/docomo/205/large-red-circle_1f534.png
blue_circle,https://emojipedia-us.s3.dualstack.us-west-1.amazonaws.com/thumbs/72/docomo/205/large-blue-circle_1f535.png
black_circle,https://emojipedia-us.s3.dualstack.us-west-1.amazonaws.com/thumbs/72/docomo/205/medium-black-circle_26ab.png
white_circle,https://emojipedia-us.s3.dualstack.us-west-1.amazonaws.com/thumbs/72/docomo/205/medium-white-circle_26aa.png
black_large_square,https://emojipedia-us.s3.dualstack.us-west-1.amazonaws.com/thumbs/72/docomo/205/black-large-square_2b1b.png
white_large_square,https://emojipedia-us.s3.dualstack.us-west-1.amazonaws.com/thumbs/72/docomo/205/white-large-square_2b1c.png
black_medium_square,https://emojipedia-us.s3.dualstack.us-west-1.amazonaws.com/thumbs/72/docomo/205/black-medium-square_25fc.png
white_medium_square,https://emojipedia-us.s3.dualstack.us-west-1.amazonaws.com/thumbs/72/docomo/205/white-medium-square_25fb.png
black_medium_small_square,https://emojipedia-us.s3.dualstack.us-west-1.amazonaws.com/thumbs/72/docomo/205/black-medium-small-square_25fe.png
white_medium_small_square,https://emojipedia-us.s3.dualstack.us-west-1.amazonaws.com/thumbs/72/docomo/205/white-medium-small-square_25fd.png
black_small_square,https://emojipedia-us.s3.dualstack.us-west-1.amazonaws.com/thumbs/72/docomo/205/black-small-square_25aa.png
white_small_square,https://emojipedia-us.s3.dualstack.us-west-1.amazonaws.com/thumbs/72/docomo/205/white-small-square_25ab.png
large_orange_diamond,https://emojipedia-us.s3.dualstack.us-west-1.amazonaws.com/thumbs/72/docomo/205/large-orange-diamond_1f536.png
large_blue_diamond,https://emojipedia-us.s3.dualstack.us-west-1.amazonaws.com/thumbs/72/docomo/205/large-blue-diamond_1f537.png
small_orange_diamond,https://emojipedia-us.s3.dualstack.us-west-1.amazonaws.com/thumbs/72/docomo/205/small-orange-diamond_1f538.png
small_blue_diamond,https://emojipedia-us.s3.dualstack.us-west-1.amazonaws.com/thumbs/72/docomo/205/small-blue-diamond_1f539.png
red_triangle_pointed_up,https://emojipedia-us.s3.dualstack.us-west-1.amazonaws.com/thumbs/72/docomo/205/up-pointing-red-triangle_1f53a.png
red_triangle_pointed_down,https://emojipedia-us.s3.dualstack.us-west-1.amazonaws.com/thumbs/72/docomo/205/down-pointing-red-triangle_1f53b.png
diamond_with_a_dot,https://emojipedia-us.s3.dualstack.us-west-1.amazonaws.com/thumbs/72/docomo/205/diamond-shape-with-a-dot-inside_1f4a0.png
radio_button,https://emojipedia-us.s3.dualstack.us-west-1.amazonaws.com/thumbs/72/docomo/205/radio-button_1f518.png
white_square_button,https://emojipedia-us.s3.dualstack.us-west-1.amazonaws.com/thumbs/72/docomo/205/white-square-button_1f533.png
black_square_button,https://emojipedia-us.s3.dualstack.us-west-1.amazonaws.com/thumbs/72/docomo/205/black-square-button_1f532.png
chequered_flag,https://emojipedia-us.s3.dualstack.us-west-1.amazonaws.com/thumbs/72/docomo/205/chequered-flag_1f3c1.png
triangular_flag,https://emojipedia-us.s3.dualstack.us-west-1.amazonaws.com/thumbs/72/docomo/205/triangular-flag-on-post_1f6a9.png
crossed_flags,https://emojipedia-us.s3.dualstack.us-west-1.amazonaws.com/thumbs/72/docomo/205/crossed-flags_1f38c.png