grinning_face,https://emojipedia-us.s3.dualstack.us-west-1.amazonaws.com/thumbs/72/mozilla/36/grinning-face_1f600.png
grinning_face_with_big_eyes,https://emojipedia-us.s3.dualstack.us-west-1.amazonaws.com/thumbs/72/mozilla/36/smiling-face-with-open-mouth_1f603.png
grinning_face_with_smiling_eyes,https://emojipedia-us.s3.dualstack.us-west-1.amazonaws.com/thumbs/72/mozilla/36/smiling-face-with-open-mouth-and-smiling-eyes_1f604.png
beaming_face_with_smiling_eyes,https://emojipedia-us.s3.dualstack.us-west-1.amazonaws.com/thumbs/72/mozilla/36/grinning-face-with-smiling-eyes_1f601.png
grinning_squinting_face,https://emojipedia-us.s3.dualstack.us-west-1.amazonaws.com/thumbs/72/mozilla/36/smiling-face-with-open-mouth-and-tightly-closed-eyes_1f606.png
grinning_face_with_sweat,https://emojipedia-us.s3.dualstack.us-west-1.amazonaws.com/thumbs/72/mozilla/36/smiling-face-with-open-mouth-and-cold-sweat_1f605.png
face_with_tears_of_joy,https://emojipedia-us.s3.dualstack.us-west-1.amazonaws.com/thumbs/72/mozilla/36/face-with-tears-of-joy_1f602.png
slightly_smiling_face,https://emojipedia-us.s3.dualstack.us-west-1.amazonaws.com/thumbs/72/mozilla/36/slightly-smiling-face_1f642.png
winking_face,https://emojipedia-us.s3.dualstack.us-west-1.amazonaws.com/thumbs/72/mozilla/36/winking-face_1f609.png
smiling_face_with_smiling_eyes,https://emojipedia-us.s3.dualstack.us-west-1.amazonaws.com/thumbs/72/mozilla/36/smiling-face-with-smiling-eyes_1f60a.png
smiling_face_with_halo,https://emojipedia-us.s3.dualstack.us-west-1.amazonaws.com/thumbs/72/mozilla/36/smiling-face-with-halo_1f607.png
smiling_face_with_heart_eyes,https://emojipedia-us.s3.dualstack.us-west-1.amazonaws.com/thumbs/72/mozilla/36/smiling-face-with-heart-shaped-eyes_1f60d.png
face_blowing_a_kiss,https://emojipedia-us.s3.dualstack.us-west-1.amazonaws.com/thumbs/72/mozilla/36/face-throwing-a-kiss_1f618.png
kissing_face,https://emojipedia-us.s3.dualstack.us-west-1.amazonaws.com/thumbs/72/mozilla/36/kissing-face_1f617.png
smiling_face,https://emojipedia-us.s3.dualstack.us-west-1.amazonaws.com/thumbs/72/mozilla/36/white-smiling-face_263a.png
kissing_face_with_closed_eyes,https://emojipedia-us.s3.dualstack.us-west-1.amazonaws.com/thumbs/72/mozilla/36/kissing-face-with-closed-eyes_1f61a.png
kissing_face_with_smiling_eyes,https://emojipedia-us.s3.dualstack.us-west-1.amazonaws.com/thumbs/72/mozilla/36/kissing-face-with-smiling-eyes_1f619.png
face_savoring_food,https://emojipedia-us.s3.dualstack.us-west-1.amazonaws.com/thumbs/72/mozilla/36/face-savouring-delicious-food_1f60b.png
face_with_tongue,https://emojipedia-us.s3.dualstack.us-west-1.amazonaws.com/thumbs/72/mozilla/36/face-with-stuck-out-tongue_1f61b.png
winking_face_with_tongue,https://emojipedia-us.s3.dualstack.us-west-1.amazonaws.com/thumbs/72/mozilla/36/face-with-stuck-out-tongue-and-winking-eye_1f61c.png
squinting_face_with_tongue,https://emojipedia-us.s3.dualstack.us-west-1.amazonaws.com/thumbs/72/mozilla/36/face-with-stuck-out-tongue-and-tightly-closed-eyes_1f61d.png
neutral_face,https://emojipedia-us.s3.dualstack.us-west-1.amazonaws.com/thumbs/72/mozilla/36/neutral-face_1f610.png
expressionless_face,https://emojipedia-us.s3.dualstack.us-west-1.amazonaws.com/thumbs/72/mozilla/36/expressionless-face_1f611.png
face_without_mouth,https://emojipedia-us.s3.dualstack.us-west-1.amazonaws.com/thumbs/72/mozilla/36/face-without-mouth_1f636.png
smirking_face,https://emojipedia-us.s3.dualstack.us-west-1.amazonaws.com/thumbs/72/mozilla/36/smirking-face_1f60f.png
unamused_face,https://emojipedia-us.s3.dualstack.us-west-1.amazonaws.com/thumbs/72/mozilla/36/unamused-face_1f612.png
grimacing_face,https://emojipedia-us.s3.dualstack.us-west-1.amazonaws.com/thumbs/72/mozilla/36/grimacing-face_1f62c.png
relieved_face,https://emojipedia-us.s3.dualstack.us-west-1.amazonaws.com/thumbs/72/mozilla/36/relieved-face_1f60c.png
pensive_face,https://emojipedia-us.s3.dualstack.us-west-1.amazonaws.com/thumbs/72/mozilla/36/pensive-face_1f614.png
sleepy_face,https://emojipedia-us.s3.dualstack.us-west-1.amazonaws.com/thumbs/72/mozilla/36/sleepy-face_1f62a.png
sleeping_face,https://emojipedia-us.s3.dualstack.us-west-1.amazonaws.com/thumbs/72/mozilla/36/sleeping-face_1f634.png
face_with_medical_mask,https://emojipedia-us.s3.dualstack.us-west-1.amazonaws.com/thumbs/72/mozilla/36/face-with-medical-mask_1f637.png
face_with_crossed_out_eyes,https://emojipedia-us.s3.dualstack.us-west-1.amazonaws.com/thumbs/72/mozilla/36/dizzy-face_1f635.png
smiling_face_with_sunglasses,https://emojipedia-us.s3.dualstack.us-west-1.amazonaws.com/thumbs/72/mozilla/36/smiling-face-with-sunglasses_1f60e.png
confused_face,https://emojipedia-us.s3.dualstack.us-west-1.amazonaws.com/thumbs/72/mozilla/36/confused-face_1f615.png
worried_face,https://emojipedia-us.s3.dualstack.us-west-1.amazonaws.com/thumbs/72/mozilla/36/worried-face_1f61f.png
slightly_frowning_face,https://emojipedia-us.s3.dualstack.us-west-1.amazonaws.com/thumbs/72/mozilla/36/slightly-frowning-face_1f641.png
face_with_open_mouth,https://emojipedia-us.s3.dualstack.us-west-1.amazonaws.com/thumbs/72/mozilla/36/face-with-open-mouth_1f62e.png
hushed_face,https://emojipedia-us.s3.dualstack.us-west-1.amazonaws.com/thumbs/72/mozilla/36/hushed-face_1f62f.png
astonished_face,https://emojipedia-us.s3.dualstack.us-west-1.amazonaws.com/thumbs/72/mozilla/36/astonished-face_1f632.png
flushed_face,https://emojipedia-us.s3.dualstack.us-west-1.amazonaws.com/thumbs/72/mozilla/36/flushed-face_1f633.png
frowning_face_with_open_mouth,https://emojipedia-us.s3.dualstack.us-west-1.amazonaws.com/thumbs/72/mozilla/36/frowning-face-with-open-mouth_1f626.png
anguished_face,https://emojipedia-us.s3.dualstack.us-west-1.amazonaws.com/thumbs/72/mozilla/36/anguished-face_1f627.png
fearful_face,https://emojipedia-us.s3.dualstack.us-west-1.amazonaws.com/thumbs/72/mozilla/36/fearful-face_1f628.png
anxious_face_with_sweat,https://emojipedia-us.s3.dualstack.us-west-1.amazonaws.com/thumbs/72/mozilla/36/face-with-open-mouth-and-cold-sweat_1f630.png
sad_but_relieved_face,https://emojipedia-us.s3.dualstack.us-west-1.amazonaws.com/thumbs/72/mozilla/36/disappointed-but-relieved-face_1f625.png
crying_face,https://emojipedia-us.s3.dualstack.us-west-1.amazonaws.com/thumbs/72/mozilla/36/crying-face_1f622.png
loudly_crying_face,https://emojipedia-us.s3.dualstack.us-west-1.amazonaws.com/thumbs/72/mozilla/36/loudly-crying-face_1f62d.png
face_screaming_in_fear,https://emojipedia-us.s3.dualstack.us-west-1.amazonaws.com/thumbs/72/mozilla/36/face-screaming-in-fear_1f631.png
confounded_face,https://emojipedia-us.s3.dualstack.us-west-1.amazonaws.com/thumbs/72/mozilla/36/confounded-face_1f616.png
persevering_face,https://emojipedia-us.s3.dualstack.us-west-1.amazonaws.com/thumbs/72/mozilla/36/persevering-face_1f623.png
disappointed_face,https://emojipedia-us.s3.dualstack.us-west-1.amazonaws.com/thumbs/72/mozilla/36/disappointed-face_1f61e.png
downcast_face_with_sweat,https://emojipedia-us.s3.dualstack.us-west-1.amazonaws.com/thumbs/72/mozilla/36/face-with-cold-sweat_1f613.png
weary_face,https://emojipedia-us.s3.dualstack.us-west-1.amazonaws.com/thumbs/72/mozilla/36/weary-face_1f629.png
tired_face,https://emojipedia-us.s3.dualstack.us-west-1.amazonaws.com/thumbs/72/mozilla/36/tired-face_1f62b.png
face_with_steam_from_nose,https://emojipedia-us.s3.dualstack.us-west-1.amazonaws.com/thumbs/72/mozilla/36/face-with-look-of-triumph_1f624.png
enraged_face,https://emojipedia-us.s3.dualstack.us-west-1.amazonaws.com/thumbs/72/mozilla/36/pouting-face_1f621.png
angry_face,https://emojipedia-us.s3.dualstack.us-west-1.amazonaws.com/thumbs/72/mozilla/36/angry-face_1f620.png
smiling_face_with_horns,https://emojipedia-us.s3.dualstack.us-west-1.amazonaws.com/thumbs/72/mozilla/36/smiling-face-with-horns_1f608.png
angry_face_with_horns,https://emojipedia-us.s3.dualstack.us-west-1.amazonaws.com/thumbs/72/mozilla/36/imp_1f47f.png
skull,https://emojipedia-us.s3.dualstack.us-west-1.amazonaws.com/thumbs/72/mozilla/36/skull_1f480.png
pile_of_poo,https://emojipedia-us.s3.dualstack.us-west-1.amazonaws.com/thumbs/72/mozilla/36/pile-of-poo_1f4a9.png
ogre,https://emojipedia-us.s3.dualstack.us-west-1.amazonaws.com/thumbs/72/mozilla/36/japanese-ogre_1f479.png
goblin,https://emojipedia-us.s3.dualstack.us-west-1.amazonaws.com/thumbs/72/mozilla/36/japanese-goblin_1f47a.png
ghost,https://emojipedia-us.s3.dualstack.us-west-1.amazonaws.com/thumbs/72/mozilla/36/ghost_1f47b.png
alien,https://emojipedia-us.s3.dualstack.us-west-1.amazonaws.com/thumbs/72/mozilla/36/extraterrestrial-alien_1f47d.png
alien_monster,https://emojipedia-us.s3.dualstack.us-west-1.amazonaws.com/thumbs/72/mozilla/36/alien-monster_1f47e.png
grinning_cat,https://emojipedia-us.s3.dualstack.us-west-1.amazonaws.com/thumbs/72/mozilla/36/smiling-cat-face-with-open-mouth_1f63a.png
grinning_cat_with_smiling_eyes,https://emojipedia-us.s3.dualstack.us-west-1.amazonaws.com/thumbs/72/mozilla/36/grinning-cat-face-with-smiling-eyes_1f638.png
cat_with_tears_of_joy,https://emojipedia-us.s3.dualstack.us-west-1.amazonaws.com/thumbs/72/mozilla/36/cat-face-with-tears-of-joy_1f639.png
smiling_cat_with_heart_eyes,https://emojipedia-us.s3.dualstack.us-west-1.amazonaws.com/thumbs/72/mozilla/36/smiling-cat-face-with-heart-shaped-eyes_1f63b.png
cat_with_wry_smile,https://emojipedia-us.s3.dualstack.us-west-1.amazonaws.com/thumbs/72/mozilla/36/cat-face-with-wry-smile_1f63c.png
kissing_cat,https://emojipedia-us.s3.dualstack.us-west-1.amazonaws.com/thumbs/72/mozilla/36/kissing-cat-face-with-closed-eyes_1f63d.png
weary_cat,https://emojipedia-us.s3.dualstack.us-west-1.amazonaws.com/thumbs/72/mozilla/36/weary-cat-face_1f640.png
crying_cat,https://emojipedia-us.s3.dualstack.us-west-1.amazonaws.com/thumbs/72/mozilla/36/crying-cat-face_1f63f.png
pouting_cat,https://emojipedia-us.s3.dualstack.us-west-1.amazonaws.com/thumbs/72/mozilla/36/pouting-cat-face_1f63e.png
see_no_evil_monkey,https://emojipedia-us.s3.dualstack.us-west-1.amazonaws.com/thumbs/72/mozilla/36/see-no-evil-monkey_1f648.png
hear_no_evil_monkey,https://emojipedia-us.s3.dualstack.us-west-1.amazonaws.com/thumbs/72/mozilla/36/hear-no-evil-monkey_1f649.png
speak_no_evil_monkey,https://emojipedia-us.s3.dualstack.us-west-1.amazonaws.com/thumbs/72/mozilla/36/speak-no-evil-monkey_1f64a.png
kiss_mark,https://emojipedia-us.s3.dualstack.us-west-1.amazonaws.com/thumbs/72/mozilla/36/kiss-mark_1f48b.png
love_letter,https://emojipedia-us.s3.dualstack.us-west-1.amazonaws.com/thumbs/72/mozilla/36/love-letter_1f48c.png
heart_with_arrow,https://emojipedia-us.s3.dualstack.us-west-1.amazonaws.com/thumbs/72/mozilla/36/heart-with-arrow_1f498.png
heart_with_ribbon,https://emojipedia-us.s3.dualstack.us-west-1.amazonaws.com/thumbs/72/mozilla/36/heart-with-ribbon_1f49d.png
sparkling_heart,https://emojipedia-us.s3.dualstack.us-west-1.amazonaws.com/thumbs/72/mozilla/36/sparkling-heart_1f496.png
growing_heart,https://emojipedia-us.s3.dualstack.us-west-1.amazonaws.com/thumbs/72/mozilla/36/growing-heart_1f497.png
beating_heart,https://emojipedia-us.s3.dualstack.us-west-1.amazonaws.com/thumbs/72/mozilla/36/beating-heart_1f493.png
revolving_hearts,https://emojipedia-us.s3.dualstack.us-west-1.amazonaws.com/thumbs/72/mozilla/36/revolving-hearts_1f49e.png
two_hearts,https://emojipedia-us.s3.dualstack.us-west-1.amazonaws.com/thumbs/72/mozilla/36/two-hearts_1f495.png
heart_decoration,https://emojipedia-us.s3.dualstack.us-west-1.amazonaws.com/thumbs/72/mozilla/36/heart-decoration_1f49f.png
broken_heart,https://emojipedia-us.s3.dualstack.us-west-1.amazonaws.com/thumbs/72/mozilla/36/broken-heart_1f494.png
red_heart,https://emojipedia-us.s3.dualstack.us-west-1.amazonaws.com/thumbs/72/mozilla/36/heavy-black-heart_2764.png
yellow_heart,https://emojipedia-us.s3.dualstack.us-west-1.amazonaws.com/thumbs/72/mozilla/36/yellow-heart_1f49b.png
green_heart,https://emojipedia-us.s3.dualstack.us-west-1.amazonaws.com/thumbs/72/mozilla/36/green-heart_1f49a.png
blue_heart,https://emojipedia-us.s3.dualstack.us-west-1.amazonaws.com/thumbs/72/mozilla/36/blue-heart_1f499.png
purple_heart,https://emojipedia-us.s3.dualstack.us-west-1.amazonaws.com/thumbs/72/mozilla/36/purple-heart_1f49c.png
hundred_points,https://emojipedia-us.s3.dualstack.us-west-1.amazonaws.com/thumbs/72/mozilla/36/hundred-points-symbol_1f4af.png
anger_symbol,https://emojipedia-us.s3.dualstack.us-west-1.amazonaws.com/thumbs/72/mozilla/36/anger-symbol_1f4a2.png
collision,https://emojipedia-us.s3.dualstack.us-west-1.amazonaws.com/thumbs/72/mozilla/36/collision-symbol_1f4a5.png
dizzy,https://emojipedia-us.s3.dualstack.us-west-1.amazonaws.com/thumbs/72/mozilla/36/dizzy-symbol_1f4ab.png
sweat_droplets,https://emojipedia-us.s3.dualstack.us-west-1.amazonaws.com/thumbs/72/mozilla/36/splashing-sweat-symbol_1f4a6.png
dashing_away,https://emojipedia-us.s3.dualstack.us-west-1.amazonaws.com/thumbs/72/mozilla/36/dash-symbol_1f4a8.png
bomb,https://emojipedia-us.s3.dualstack.us-west-1.amazonaws.com/thumbs/72/mozilla/36/bomb_1f4a3.png
speech_balloon,https://emojipedia-us.s3.dualstack.us-west-1.amazonaws.com/thumbs/72/mozilla/36/speech-balloon_1f4ac.png
thought_balloon,https://emojipedia-us.s3.dualstack.us-west-1.amazonaws.com/thumbs/72/mozilla/36/thought-balloon_1f4ad.png
zzz,https://emojipedia-us.s3.dualstack.us-west-1.amazonaws.com/thumbs/72/mozilla/36/sleeping-symbol_1f4a4.png
waving_hand,https://emojipedia-us.s3.dualstack.us-west-1.amazonaws.com/thumbs/72/mozilla/36/waving-hand-sign_1f44b.png
raised_hand,https://emojipedia-us.s3.dualstack.us-west-1.amazonaws.com/thumbs/72/mozilla/36/raised-hand_270b.png
ok_hand,https://emojipedia-us.s3.dualstack.us-west-1.amazonaws.com/thumbs/72/mozilla/36/ok-hand-sign_1f44c.png
victory_hand,https://emojipedia-us.s3.dualstack.us-west-1.amazonaws.com/thumbs/72/mozilla/36/victory-hand_270c.png
backhand_index_pointing_left,https://emojipedia-us.s3.dualstack.us-west-1.amazonaws.com/thumbs/72/mozilla/36/white-left-pointing-backhand-index_1f448.png
backhand_index_pointing_right,https://emojipedia-us.s3.dualstack.us-west-1.amazonaws.com/thumbs/72/mozilla/36/white-right-pointing-backhand-index_1f449.png
backhand_index_pointing_up,https://emojipedia-us.s3.dualstack.us-west-1.amazonaws.com/thumbs/72/mozilla/36/white-up-pointing-backhand-index_1f446.png
backhand_index_pointing_down,https://emojipedia-us.s3.dualstack.us-west-1.amazonaws.com/thumbs/72/mozilla/36/white-down-pointing-backhand-index_1f447.png
thumbs_up,https://emojipedia-us.s3.dualstack.us-west-1.amazonaws.com/thumbs/72/mozilla/36/thumbs-up-sign_1f44d.png
thumbs_down,https://emojipedia-us.s3.dualstack.us-west-1.amazonaws.com/thumbs/72/mozilla/36/thumbs-down-sign_1f44e.png
oncoming_fist,https://emojipedia-us.s3.dualstack.us-west-1.amazonaws.com/thumbs/72/mozilla/36/fisted-hand-sign_1f44a.png
clapping_hands,https://emojipedia-us.s3.dualstack.us-west-1.amazonaws.com/thumbs/72/mozilla/36/clapping-hands-sign_1f44f.png
raising_hands,https://emojipedia-us.s3.dualstack.us-west-1.amazonaws.com/thumbs/72/mozilla/36/person-raising-both-hands-in-celebration_1f64c.png
open_hands,https://emojipedia-us.s3.dualstack.us-west-1.amazonaws.com/thumbs/72/mozilla/36/open-hands-sign_1f450.png
folded_hands,https://emojipedia-us.s3.dualstack.us-west-1.amazonaws.com/thumbs/72/mozilla/36/person-with-folded-hands_1f64f.png
nail_polish,https://emojipedia-us.s3.dualstack.us-west-1.amazonaws.com/thumbs/72/mozilla/36/nail-polish_1f485.png
flexed_biceps,https://emojipedia-us.s3.dualstack.us-west-1.amazonaws.com/thumbs/72/mozilla/36/flexed-biceps_1f4aa.png
ear,https://emojipedia-us.s3.dualstack.us-west-1.amazonaws.com/thumbs/72/mozilla/36/ear_1f442.png
nose,https://emojipedia-us.s3.dualstack.us-west-1.amazonaws.com/thumbs/72/mozilla/36/nose_1f443.png
eyes,https://emojipedia-us.s3.dualstack.us-west-1.amazonaws.com/thumbs/72/mozilla/36/eyes_1f440.png
eye,https://emojipedia-us.s3.dualstack.us-west-1.amazonaws.com/thumbs/72/mozilla/36/eye_1f441.png
tongue,https://emojipedia-us.s3.dualstack.us-west-1.amazonaws.com/thumbs/72/mozilla/36/tongue_1f445.png
mouth,https://emojipedia-us.s3.dualstack.us-west-1.amazonaws.com/thumbs/72/mozilla/36/mouth_1f444.png
baby,https://emojipedia-us.s3.dualstack.us-west-1.amazonaws.com/thumbs/72/mozilla/36/baby_1f476.png
boy,https://emojipedia-us.s3.dualstack.us-west-1.amazonaws.com/thumbs/72/mozilla/36/boy_1f466.png
girl,https://emojipedia-us.s3.dualstack.us-west-1.amazonaws.com/thumbs/72/mozilla/36/girl_1f467.png
person_blond_hair,https://emojipedia-us.s3.dualstack.us-west-1.amazonaws.com/thumbs/72/mozilla/36/person-with-blond-hair_1f471.png
man,https://emojipedia-us.s3.dualstack.us-west-1.amazonaws.com/thumbs/72/mozilla/36/man_1f468.png
woman,https://emojipedia-us.s3.dualstack.us-west-1.amazonaws.com/thumbs/72/mozilla/36/woman_1f469.png
old_man,https://emojipedia-us.s3.dualstack.us-west-1.amazonaws.com/thumbs/72/mozilla/36/older-man_1f474.png
old_woman,https://emojipedia-us.s3.dualstack.us-west-1.amazonaws.com/thumbs/72/mozilla/36/older-woman_1f475.png
person_frowning,https://emojipedia-us.s3.dualstack.us-west-1.amazonaws.com/thumbs/72/mozilla/36/person-frowning_1f64d.png
person_pouting,https://emojipedia-us.s3.dualstack.us-west-1.amazonaws.com/thumbs/72/mozilla/36/person-with-pouting-face_1f64e.png
person_gesturing_no,https://emojipedia-us.s3.dualstack.us-west-1.amazonaws.com/thumbs/72/mozilla/36/face-with-no-good-gesture_1f645.png
person_gesturing_ok,https://emojipedia-us.s3.dualstack.us-west-1.amazonaws.com/thumbs/72/mozilla/36/face-with-ok-gesture_1f646.png
person_tipping_hand,https://emojipedia-us.s3.dualstack.us-west-1.amazonaws.com/thumbs/72/mozilla/36/information-desk-person_1f481.png
person_raising_hand,https://emojipedia-us.s3.dualstack.us-west-1.amazonaws.com/thumbs/72/mozilla/36/happy-person-raising-one-hand_1f64b.png
person_bowing,https://emojipedia-us.s3.dualstack.us-west-1.amazonaws.com/thumbs/72/mozilla/36/person-bowing-deeply_1f647.png
police_officer,https://emojipedia-us.s3.dualstack.us-west-1.amazonaws.com/thumbs/72/mozilla/36/police-officer_1f46e.png
guard,https://emojipedia-us.s3.dualstack.us-west-1.amazonaws.com/thumbs/72/mozilla/36/guardsman_1f482.png
construction_worker,https://emojipedia-us.s3.dualstack.us-west-1.amazonaws.com/thumbs/72/mozilla/36/construction-worker_1f477.png
princess,https://emojipedia-us.s3.dualstack.us-west-1.amazonaws.com/thumbs/72/mozilla/36/princess_1f478.png
person_wearing_turban,https://emojipedia-us.s3.dualstack.us-west-1.amazonaws.com/thumbs/72/mozilla/36/man-with-turban_1f473.png
person_with_skullcap,https://emojipedia-us.s3.dualstack.us-west-1.amazonaws.com/thumbs/72/mozilla/36/man-with-gua-pi-mao_1f472.png
person_with_veil,https://emojipedia-us.s3.dualstack.us-west-1.amazonaws.com/thumbs/72/mozilla/36/bride-with-veil_1f470.png
baby_angel,https://emojipedia-us.s3.dualstack.us-west-1.amazonaws.com/thumbs/72/mozilla/36/baby-angel_1f47c.png
santa_claus,https://emojipedia-us.s3.dualstack.us-west-1.amazonaws.com/thumbs/72/mozilla/36/father-christmas_1f385.png
person_getting_massage,https://emojipedia-us.s3.dualstack.us-west-1.amazonaws.com/thumbs/72/mozilla/36/face-massage_1f486.png
person_getting_haircut,https://emojipedia-us.s3.dualstack.us-west-1.amazonaws.com/thumbs/72/mozilla/36/haircut_1f487.png
person_walking,https://emojipedia-us.s3.dualstack.us-west-1.amazonaws.com/thumbs/72/mozilla/36/pedestrian_1f6b6.png
person_running,https://emojipedia-us.s3.dualstack.us-west-1.amazonaws.com/thumbs/72/mozilla/36/runner_1f3c3.png
woman_dancing,https://emojipedia-us.s3.dualstack.us-west-1.amazonaws.com/thumbs/72/mozilla/36/dancer_1f483.png
people_with_bunny_ears,https://emojipedia-us.s3.dualstack.us-west-1.amazonaws.com/thumbs/72/mozilla/36/woman-with-bunny-ears_1f46f.png
horse_racing,https://emojipedia-us.s3.dualstack.us-west-1.amazonaws.com/thumbs/72/mozilla/36/horse-racing_1f3c7.png
snowboarder,https://emojipedia-us.s3.dualstack.us-west-1.amazonaws.com/thumbs/72/mozilla/36/snowboarder_1f3c2.png
person_surfing,https://emojipedia-us.s3.dualstack.us-west-1.amazonaws.com/thumbs/72/mozilla/36/surfer_1f3c4.png
person_rowing_boat,https://emojipedia-us.s3.dualstack.us-west-1.amazonaws.com/thumbs/72/mozilla/36/rowboat_1f6a3.png
person_swimming,https://emojipedia-us.s3.dualstack.us-west-1.amazonaws.com/thumbs/72/mozilla/36/swimmer_1f3ca.png
person_biking,https://emojipedia-us.s3.dualstack.us-west-1.amazonaws.com/thumbs/72/mozilla/36/bicyclist_1f6b4.png
person_taking_bath,https://emojipedia-us.s3.dualstack.us-west-1.amazonaws.com/thumbs/72/mozilla/36/bath_1f6c0.png
women_holding_hands,https://emojipedia-us.s3.dualstack.us-west-1.amazonaws.com/thumbs/72/mozilla/36/two-women-holding-hands_1f46d.png
woman_and_man_holding_hands,https://emojipedia-us.s3.dualstack.us-west-1.amazonaws.com/thumbs/72/mozilla/36/man-and-woman-holding-hands_1f46b.png
men_holding_hands,https://emojipedia-us.s3.dualstack.us-west-1.amazonaws.com/thumbs/72/mozilla/36/two-men-holding-hands_1f46c.png
kiss,https://emojipedia-us.s3.dualstack.us-west-1.amazonaws.com/thumbs/72/mozilla/36/kiss_1f48f.png
couple_with_heart,https://emojipedia-us.s3.dualstack.us-west-1.amazonaws.com/thumbs/72/mozilla/36/couple-with-heart_1f491.png
family,https://emojipedia-us.s3.dualstack.us-west-1.amazonaws.com/thumbs/72/mozilla/36/family_1f46a.png
bust_in_silhouette,https://emojipedia-us.s3.dualstack.us-west-1.amazonaws.com/thumbs/72/mozilla/36/bust-in-silhouette_1f464.png
busts_in_silhouette,https://emojipedia-us.s3.dualstack.us-west-1.amazonaws.com/thumbs/72/mozilla/36/busts-in-silhouette_1f465.png
footprints,https://emojipedia-us.s3.dualstack.us-west-1.amazonaws.com/thumbs/72/mozilla/36/footprints_1f463.png
monkey_face,https://emojipedia-us.s3.dualstack.us-west-1.amazonaws.com/thumbs/72/mozilla/36/monkey-face_1f435.png
monkey,https://emojipedia-us.s3.dualstack.us-west-1.amazonaws.com/thumbs/72/mozilla/36/monkey_1f412.png
dog_face,https://emojipedia-us.s3.dualstack.us-west-1.amazonaws.com/thumbs/72/mozilla/36/dog-face_1f436.png
dog,https://emojipedia-us.s3.dualstack.us-west-1.amazonaws.com/thumbs/72/mozilla/36/dog_1f415.png
poodle,https://emojipedia-us.s3.dualstack.us-west-1.amazonaws.com/thumbs/72/mozilla/36/poodle_1f429.png
wolf,https://emojipedia-us.s3.dualstack.us-west-1.amazonaws.com/thumbs/72/mozilla/36/wolf-face_1f43a.png
cat_face,https://emojipedia-us.s3.dualstack.us-west-1.amazonaws.com/thumbs/72/mozilla/36/cat-face_1f431.png
cat,https://emojipedia-us.s3.dualstack.us-west-1.amazonaws.com/thumbs/72/mozilla/36/cat_1f408.png
tiger_face,https://emojipedia-us.s3.dualstack.us-west-1.amazonaws.com/thumbs/72/mozilla/36/tiger-face_1f42f.png
tiger,https://emojipedia-us.s3.dualstack.us-west-1.amazonaws.com/thumbs/72/mozilla/36/tiger_1f405.png
leopard,https://emojipedia-us.s3.dualstack.us-west-1.amazonaws.com/thumbs/72/mozilla/36/leopard_1f406.png
horse_face,https://emojipedia-us.s3.dualstack.us-west-1.amazonaws.com/thumbs/72/mozilla/36/horse-face_1f434.png
horse,https://emojipedia-us.s3.dualstack.us-west-1.amazonaws.com/thumbs/72/mozilla/36/horse_1f40e.png
cow_face,https://emojipedia-us.s3.dualstack.us-west-1.amazonaws.com/thumbs/72/mozilla/36/cow-face_1f42e.png
ox,https://emojipedia-us.s3.dualstack.us-west-1.amazonaws.com/thumbs/72/mozilla/36/ox_1f402.png
water_buffalo,https://emojipedia-us.s3.dualstack.us-west-1.amazonaws.com/thumbs/72/mozilla/36/water-buffalo_1f403.png
cow,https://emojipedia-us.s3.dualstack.us-west-1.amazonaws.com/thumbs/72/mozilla/36/cow_1f404.png
pig_face,https://emojipedia-us.s3.dualstack.us-west-1.amazonaws.com/thumbs/72/mozilla/36/pig-face_1f437.png
pig,https://emojipedia-us.s3.dualstack.us-west-1.amazonaws.com/thumbs/72/mozilla/36/pig_1f416.png
boar,https://emojipedia-us.s3.dualstack.us-west-1.amazonaws.com/thumbs/72/mozilla/36/boar_1f417.png
pig_nose,https://emojipedia-us.s3.dualstack.us-west-1.amazonaws.com/thumbs/72/mozilla/36/pig-nose_1f43d.png
ram,https://emojipedia-us.s3.dualstack.us-west-1.amazonaws.com/thumbs/72/mozilla/36/ram_1f40f.png
ewe,https://emojipedia-us.s3.dualstack.us-west-1.amazonaws.com/thumbs/72/mozilla/36/sheep_1f411.png
goat,https://emojipedia-us.s3.dualstack.us-west-1.amazonaws.com/thumbs/72/mozilla/36/goat_1f410.png
camel,https://emojipedia-us.s3.dualstack.us-west-1.amazonaws.com/thumbs/72/mozilla/36/dromedary-camel_1f42a.png
two_hump_camel,https://emojipedia-us.s3.dualstack.us-west-1.amazonaws.com/thumbs/72/mozilla/36/bactrian-camel_1f42b.png
elephant,https://emojipedia-us.s3.dualstack.us-west-1.amazonaws.com/thumbs/72/mozilla/36/elephant_1f418.png
mouse_face,https://emojipedia-us.s3.dualstack.us-west-1.amazonaws.com/thumbs/72/mozilla/36/mouse-face_1f42d.png
mouse,https://emojipedia-us.s3.dualstack.us-west-1.amazonaws.com/thumbs/72/mozilla/36/mouse_1f401.png
rat,https://emojipedia-us.s3.dualstack.us-west-1.amazonaws.com/thumbs/72/mozilla/36/rat_1f400.png
hamster,https://emojipedia-us.s3.dualstack.us-west-1.amazonaws.com/thumbs/72/mozilla/36/hamster-face_1f439.png
rabbit_face,https://emojipedia-us.s3.dualstack.us-west-1.amazonaws.com/thumbs/72/mozilla/36/rabbit-face_1f430.png
rabbit,https://emojipedia-us.s3.dualstack.us-west-1.amazonaws.com/thumbs/72/mozilla/36/rabbit_1f407.png
bear,https://emojipedia-us.s3.dualstack.us-west-1.amazonaws.com/thumbs/72/mozilla/36/bear-face_1f43b.png
koala,https://emojipedia-us.s3.dualstack.us-west-1.amazonaws.com/thumbs/72/mozilla/36/koala_1f428.png
panda,https://emojipedia-us.s3.dualstack.us-west-1.amazonaws.com/thumbs/72/mozilla/36/panda-face_1f43c.png
paw_prints,https://emojipedia-us.s3.dualstack.us-west-1.amazonaws.com/thumbs/72/mozilla/36/paw-prints_1f43e.png
chicken,https://emojipedia-us.s3.dualstack.us-west-1.amazonaws.com/thumbs/72/mozilla/36/chicken_1f414.png
rooster,https://emojipedia-us.s3.dualstack.us-west-1.amazonaws.com/thumbs/72/mozilla/36/rooster_1f413.png
hatching_chick,https://emojipedia-us.s3.dualstack.us-west-1.amazonaws.com/thumbs/72/mozilla/36/hatching-chick_1f423.png
baby_chick,https://emojipedia-us.s3.dualstack.us-west-1.amazonaws.com/thumbs/72/mozilla/36/baby-chick_1f424.png
front_facing_baby_chick,https://emojipedia-us.s3.dualstack.us-west-1.amazonaws.com/thumbs/72/mozilla/36/front-facing-baby-chick_1f425.png
bird,https://emojipedia-us.s3.dualstack.us-west-1.amazonaws.com/thumbs/72/mozilla/36/bird_1f426.png
penguin,https://emojipedia-us.s3.dualstack.us-west-1.amazonaws.com/thumbs/72/mozilla/36/penguin_1f427.png
frog,https://emojipedia-us.s3.dualstack.us-west-1.amazonaws.com/thumbs/72/mozilla/36/frog-face_1f438.png
crocodile,https://emojipedia-us.s3.dualstack.us-west-1.amazonaws.com/thumbs/72/mozilla/36/crocodile_1f40a.png
turtle,https://emojipedia-us.s3.dualstack.us-west-1.amazonaws.com/thumbs/72/mozilla/36/turtle_1f422.png
snake,https://emojipedia-us.s3.dualstack.us-west-1.amazonaws.com/thumbs/72/mozilla/36/snake_1f40d.png
dragon_face,https://emojipedia-us.s3.dualstack.us-west-1.amazonaws.com/thumbs/72/mozilla/36/dragon-face_1f432.png
dragon,https://emojipedia-us.s3.dualstack.us-west-1.amazonaws.com/thumbs/72/mozilla/36/dragon_1f409.png
spouting_whale,https://emojipedia-us.s3.dualstack.us-west-1.amazonaws.com/thumbs/72/mozilla/36/spouting-whale_1f433.png
whale,https://emojipedia-us.s3.dualstack.us-west-1.amazonaws.com/thumbs/72/mozilla/36/whale_1f40b.png
dolphin,https://emojipedia-us.s3.dualstack.us-west-1.amazonaws.com/thumbs/72/mozilla/36/dolphin_1f42c.png
fish,https://emojipedia-us.s3.dualstack.us-west-1.amazonaws.com/thumbs/72/mozilla/36/fish_1f41f.png
tropical_fish,https://emojipedia-us.s3.dualstack.us-west-1.amazonaws.com/thumbs/72/mozilla/36/tropical-fish_1f420.png
blowfish,https://emojipedia-us.s3.dualstack.us-west-1.amazonaws.com/thumbs/72/mozilla/36/blowfish_1f421.png
octopus,https://emojipedia-us.s3.dualstack.us-west-1.amazonaws.com/thumbs/72/mozilla/36/octopus_1f419.png
spiral_shell,https://emojipedia-us.s3.dualstack.us-west-1.amazonaws.com/thumbs/72/mozilla/36/spiral-shell_1f41a.png
snail,https://emojipedia-us.s3.dualstack.us-west-1.amazonaws.com/thumbs/72/mozilla/36/snail_1f40c.png
bug,https://emojipedia-us.s3.dualstack.us-west-1.amazonaws.com/thumbs/72/mozilla/36/bug_1f41b.png
ant,https://emojipedia-us.s3.dualstack.us-west-1.amazonaws.com/thumbs/72/mozilla/36/ant_1f41c.png
honeybee,https://emojipedia-us.s3.dualstack.us-west-1.amazonaws.com/thumbs/72/mozilla/36/honeybee_1f41d.png
lady_beetle,https://emojipedia-us.s3.dualstack.us-west-1.amazonaws.com/thumbs/72/mozilla/36/lady-beetle_1f41e.png
bouquet,https://emojipedia-us.s3.dualstack.us-west-1.amazonaws.com/thumbs/72/mozilla/36/bouquet_1f490.png
cherry_blossom,https://emojipedia-us.s3.dualstack.us-west-1.amazonaws.com/thumbs/72/mozilla/36/cherry-blossom_1f338.png
white_flower,https://emojipedia-us.s3.dualstack.us-west-1.amazonaws.com/thumbs/72/mozilla/36/white-flower_1f4ae.png
rose,https://emojipedia-us.s3.dualstack.us-west-1.amazonaws.com/thumbs/72/mozilla/36/rose_1f339.png
hibiscus,https://emojipedia-us.s3.dualstack.us-west-1.amazonaws.com/thumbs/72/mozilla/36/hibiscus_1f33a.png
sunflower,https://emojipedia-us.s3.dualstack.us-west-1.amazonaws.com/thumbs/72/mozilla/36/sunflower_1f33b.png
blossom,https://emojipedia-us.s3.dualstack.us-west-1.amazonaws.com/thumbs/72/mozilla/36/blossom_1f33c.png
tulip,https://emojipedia-us.s3.dualstack.us-west-1.amazonaws.com/thumbs/72/mozilla/36/tulip_1f337.png
seedling,https://emojipedia-us.s3.dualstack.us-west-1.amazonaws.com/thumbs/72/mozilla/36/seedling_1f331.png
evergreen_tree,https://emojipedia-us.s3.dualstack.us-west-1.amazonaws.com/thumbs/72/mozilla/36/evergreen-tree_1f332.png
deciduous_tree,https://emojipedia-us.s3.dualstack.us-west-1.amazonaws.com/thumbs/72/mozilla/36/deciduous-tree_1f333.png
palm_tree,https://emojipedia-us.s3.dualstack.us-west-1.amazonaws.com/thumbs/72/mozilla/36/palm-tree_1f334.png
cactus,https://emojipedia-us.s3.dualstack.us-west-1.amazonaws.com/thumbs/72/mozilla/36/cactus_1f335.png
sheaf_of_rice,https://emojipedia-us.s3.dualstack.us-west-1.amazonaws.com/thumbs/72/mozilla/36/ear-of-rice_1f33e.png
herb,https://emojipedia-us.s3.dualstack.us-west-1.amazonaws.com/thumbs/72/mozilla/36/herb_1f33f.png
four_leaf_clover,https://emojipedia-us.s3.dualstack.us-west-1.amazonaws.com/thumbs/72/mozilla/36/four-leaf-clover_1f340.png
maple_leaf,https://emojipedia-us.s3.dualstack.us-west-1.amazonaws.com/thumbs/72/mozilla/36/maple-leaf_1f341.png
fallen_leaf,https://emojipedia-us.s3.dualstack.us-west-1.amazonaws.com/thumbs/72/mozilla/36/fallen-leaf_1f342.png
leaf_fluttering_in_wind,https://emojipedia-us.s3.dualstack.us-west-1.amazonaws.com/thumbs/72/mozilla/36/leaf-fluttering-in-wind_1f343.png
grapes,https://emojipedia-us.s3.dualstack.us-west-1.amazonaws.com/thumbs/72/mozilla/36/grapes_1f347.png
melon,https://emojipedia-us.s3.dualstack.us-west-1.amazonaws.com/thumbs/72/mozilla/36/melon_1f348.png
watermelon,https://emojipedia-us.s3.dualstack.us-west-1.amazonaws.com/thumbs/72/mozilla/36/watermelon_1f349.png
tangerine,https://emojipedia-us.s3.dualstack.us-west-1.amazonaws.com/thumbs/72/mozilla/36/tangerine_1f34a.png
lemon,https://emojipedia-us.s3.dualstack.us-west-1.amazonaws.com/thumbs/72/mozilla/36/lemon_1f34b.png
banana,https://emojipedia-us.s3.dualstack.us-west-1.amazonaws.com/thumbs/72/mozilla/36/banana_1f34c.png
pineapple,https://emojipedia-us.s3.dualstack.us-west-1.amazonaws.com/thumbs/72/mozilla/36/pineapple_1f34d.png
red_apple,https://emojipedia-us.s3.dualstack.us-west-1.amazonaws.com/thumbs/72/mozilla/36/red-apple_1f34e.png
green_apple,https://emojipedia-us.s3.dualstack.us-west-1.amazonaws.com/thumbs/72/mozilla/36/green-apple_1f34f.png
pear,https://emojipedia-us.s3.dualstack.us-west-1.amazonaws.com/thumbs/72/mozilla/36/pear_1f350.png
peach,https://emojipedia-us.s3.dualstack.us-west-1.amazonaws.com/thumbs/72/mozilla/36/peach_1f351.png
cherries,https://emojipedia-us.s3.dualstack.us-west-1.amazonaws.com/thumbs/72/mozilla/36/cherries_1f352.png
strawberry,https://emojipedia-us.s3.dualstack.us-west-1.amazonaws.com/thumbs/72/mozilla/36/strawberry_1f353.png
tomato,https://emojipedia-us.s3.dualstack.us-west-1.amazonaws.com/thumbs/72/mozilla/36/tomato_1f345.png
eggplant,https://emojipedia-us.s3.dualstack.us-west-1.amazonaws.com/thumbs/72/mozilla/36/aubergine_1f346.png
ear_of_corn,https://emojipedia-us.s3.dualstack.us-west-1.amazonaws.com/thumbs/72/mozilla/36/ear-of-maize_1f33d.png
mushroom,https://emojipedia-us.s3.dualstack.us-west-1.amazonaws.com/thumbs/72/mozilla/36/mushroom_1f344.png
chestnut,https://emojipedia-us.s3.dualstack.us-west-1.amazonaws.com/thumbs/72/mozilla/36/chestnut_1f330.png
meat_on_bone,https://emojipedia-us.s3.dualstack.us-west-1.amazonaws.com/thumbs/72/mozilla/36/meat-on-bone_1f356.png
poultry_leg,https://emojipedia-us.s3.dualstack.us-west-1.amazonaws.com/thumbs/72/mozilla/36/poultry-leg_1f357.png
hamburger,https://emojipedia-us.s3.dualstack.us-west-1.amazonaws.com/thumbs/72/mozilla/36/hamburger_1f354.png
french_fries,https://emojipedia-us.s3.dualstack.us-west-1.amazonaws.com/thumbs/72/mozilla/36/french-fries_1f35f.png
pizza,https://emojipedia-us.s3.dualstack.us-west-1.amazonaws.com/thumbs/72/mozilla/36/slice-of-pizza_1f355.png
cooking,https://emojipedia-us.s3.dualstack.us-west-1.amazonaws.com/thumbs/72/mozilla/36/cooking_1f373.png
pot_of_food,https://emojipedia-us.s3.dualstack.us-west-1.amazonaws.com/thumbs/72/mozilla/36/pot-of-food_1f372.png
bento_box,https://emojipedia-us.s3.dualstack.us-west-1.amazonaws.com/thumbs/72/mozilla/36/bento-box_1f371.png
rice_cracker,https://emojipedia-us.s3.dualstack.us-west-1.amazonaws.com/thumbs/72/mozilla/36/rice-cracker_1f358.png
rice_ball,https://emojipedia-us.s3.dualstack.us-west-1.amazonaws.com/thumbs/72/mozilla/36/rice-ball_1f359.png
cooked_rice,https://emojipedia-us.s3.dualstack.us-west-1.amazonaws.com/thumbs/72/mozilla/36/cooked-rice_1f35a.png
curry_rice,https://emojipedia-us.s3.dualstack.us-west-1.amazonaws.com/thumbs/72/mozilla/36/curry-and-rice_1f35b.png
steaming_bowl,https://emojipedia-us.s3.dualstack.us-west-1.amazonaws.com/thumbs/72/mozilla/36/steaming-bowl_1f35c.png
spaghetti,https://emojipedia-us.s3.dualstack.us-west-1.amazonaws.com/thumbs/72/mozilla/36/spaghetti_1f35d.png
roasted_sweet_potato,https://emojipedia-us.s3.dualstack.us-west-1.amazonaws.com/thumbs/72/mozilla/36/roasted-sweet-potato_1f360.png
oden,https://emojipedia-us.s3.dualstack.us-west-1.amazonaws.com/thumbs/72/mozilla/36/oden_1f362.png
sushi,https://emojipedia-us.s3.dualstack.us-west-1.amazonaws.com/thumbs/72/mozilla/36/sushi_1f363.png
fried_shrimp,https://emojipedia-us.s3.dualstack.us-west-1.amazonaws.com/thumbs/72/mozilla/36/fried-shrimp_1f364.png
fish_cake_with_swirl,https://emojipedia-us.s3.dualstack.us-west-1.amazonaws.com/thumbs/72/mozilla/36/fish-cake-with-swirl-design_1f365.png
dango,https://emojipedia-us.s3.dualstack.us-west-1.amazonaws.com/thumbs/72/mozilla/36/dango_1f361.png
soft_ice_cream,https://emojipedia-us.s3.dualstack.us-west-1.amazonaws.com/thumbs/72/mozilla/36/soft-ice-cream_1f366.png
shaved_ice,https://emojipedia-us.s3.dualstack.us-west-1.amazonaws.com/thumbs/72/mozilla/36/shaved-ice_1f367.png
ice_cream,https://emojipedia-us.s3.dualstack.us-west-1.amazonaws.com/thumbs/72/mozilla/36/ice-cream_1f368.png
doughnut,https://emojipedia-us.s3.dualstack.us-west-1.amazonaws.com/thumbs/72/mozilla/36/doughnut_1f369.png
cookie,https://emojipedia-us.s3.dualstack.us-west-1.amazonaws.com/thumbs/72/mozilla/36/cookie_1f36a.png
birthday_cake,https://emojipedia-us.s3.dualstack.us-west-1.amazonaws.com/thumbs/72/mozilla/36/birthday-cake_1f382.png
shortcake,https://emojipedia-us.s3.dualstack.us-west-1.amazonaws.com/thumbs/72/mozilla/36/shortcake_1f370.png
chocolate_bar,https://emojipedia-us.s3.dualstack.us-west-1.amazonaws.com/thumbs/72/mozilla/36/chocolate-bar_1f36b.png
candy,https://emojipedia-us.s3.dualstack.us-west-1.amazonaws.com/thumbs/72/mozilla/36/candy_1f36c.png
lollipop,https://emojipedia-us.s3.dualstack.us-west-1.amazonaws.com/thumbs/72/mozilla/36/lollipop_1f36d.png
custard,https://emojipedia-us.s3.dualstack.us-west-1.amazonaws.com/thumbs/72/mozilla/36/custard_1f36e.png
honey_pot,https://emojipedia-us.s3.dualstack.us-west-1.amazonaws.com/thumbs/72/mozilla/36/honey-pot_1f36f.png
baby_bottle,https://emojipedia-us.s3.dualstack.us-west-1.amazonaws.com/thumbs/72/mozilla/36/baby-bottle_1f37c.png
hot_beverage,https://emojipedia-us.s3.dualstack.us-west-1.amazonaws.com/thumbs/72/mozilla/36/hot-beverage_2615.png
teacup_without_handle,https://emojipedia-us.s3.dualstack.us-west-1.amazonaws.com/thumbs/72/mozilla/36/teacup-without-handle_1f375.png
sake,https://emojipedia-us.s3.dualstack.us-west-1.amazonaws.com/thumbs/72/mozilla/36/sake-bottle-and-cup_1f376.png
wine_glass,https://emojipedia-us.s3.dualstack.us-west-1.amazonaws.com/thumbs/72/mozilla/36/wine-glass_1f377.png
cocktail_glass,https://emojipedia-us.s3.dualstack.us-west-1.amazonaws.com/thumbs/72/mozilla/36/cocktail-glass_1f378.png
tropical_drink,https://emojipedia-us.s3.dualstack.us-west-1.amazonaws.com/thumbs/72/mozilla/36/tropical-drink_1f379.png
beer_mug,https://emojipedia-us.s3.dualstack.us-west-1.amazonaws.com/thumbs/72/mozilla/36/beer-mug_1f37a.png
clinking_beer_mugs,https://emojipedia-us.s3.dualstack.us-west-1.amazonaws.com/thumbs/72/mozilla/36/clinking-beer-mugs_1f37b.png
fork_and_knife,https://emojipedia-us.s3.dualstack.us-west-1.amazonaws.com/thumbs/72/mozilla/36/fork-and-knife_1f374.png
kitchen_knife,https://emojipedia-us.s3.dualstack.us-west-1.amazonaws.com/thumbs/72/mozilla/36/hocho_1f52a.png
globe_showing_europe_africa,https://emojipedia-us.s3.dualstack.us-west-1.amazonaws.com/thumbs/72/mozilla/36/earth-globe-europe-africa_1f30d.png
globe_showing_americas,https://emojipedia-us.s3.dualstack.us-west-1.amazonaws.com/thumbs/72/mozilla/36/earth-globe-americas_1f30e.png
globe_showing_asia_australia,https://emojipedia-us.s3.dualstack.us-west-1.amazonaws.com/thumbs/72/mozilla/36/earth-globe-asia-australia_1f30f.png
globe_with_meridians,https://emojipedia-us.s3.dualstack.us-west-1.amazonaws.com/thumbs/72/mozilla/36/globe-with-meridians_1f310.png
map_of_japan,https://emojipedia-us.s3.dualstack.us-west-1.amazonaws.com/thumbs/72/mozilla/36/silhouette-of-japan_1f5fe.png
volcano,https://emojipedia-us.s3.dualstack.us-west-1.amazonaws.com/thumbs/72/mozilla/36/volcano_1f30b.png
mount_fuji,https://emojipedia-us.s3.dualstack.us-west-1.amazonaws.com/thumbs/72/mozilla/36/mount-fuji_1f5fb.png
house,https://emojipedia-us.s3.dualstack.us-west-1.amazonaws.com/thumbs/72/mozilla/36/house-building_1f3e0.png
house_with_garden,https://emojipedia-us.s3.dualstack.us-west-1.amazonaws.com/thumbs/72/mozilla/36/house-with-garden_1f3e1.png
office_building,https://emojipedia-us.s3.dualstack.us-west-1.amazonaws.com/thumbs/72/mozilla/36/office-building_1f3e2.png
japanese_post_office,https://emojipedia-us.s3.dualstack.us-west-1.amazonaws.com/thumbs/72/mozilla/36/japanese-post-office_1f3e3.png
post_office,https://emojipedia-us.s3.dualstack.us-west-1.amazonaws.com/thumbs/72/mozilla/36/european-post-office_1f3e4.png
hospital,https://emojipedia-us.s3.dualstack.us-west-1.amazonaws.com/thumbs/72/mozilla/36/hospital_1f3e5.png
bank,https://emojipedia-us.s3.dualstack.us-west-1.amazonaws.com/thumbs/72/mozilla/36/bank_1f3e6.png
hotel,https://emojipedia-us.s3.dualstack.us-west-1.amazonaws.com/thumbs/72/mozilla/36/hotel_1f3e8.png
love_hotel,https://emojipedia-us.s3.dualstack.us-west-1.amazonaws.com/thumbs/72/mozilla/36/love-hotel_1f3e9.png
convenience_store,https://emojipedia-us.s3.dualstack.us-west-1.amazonaws.com/thumbs/72/mozilla/36/convenience-store_1f3ea.png
school,https://emojipedia-us.s3.dualstack.us-west-1.amazonaws.com/thumbs/72/mozilla/36/school_1f3eb.png
department_store,https://emojipedia-us.s3.dualstack.us-west-1.amazonaws.com/thumbs/72/mozilla/36/department-store_1f3ec.png
factory,https://emojipedia-us.s3.dualstack.us-west-1.amazonaws.com/thumbs/72/mozilla/36/factory_1f3ed.png
japanese_castle,https://emojipedia-us.s3.dualstack.us-west-1.amazonaws.com/thumbs/72/mozilla/36/japanese-castle_1f3ef.png
castle,https://emojipedia-us.s3.dualstack.us-west-1.amazonaws.com/thumbs/72/mozilla/36/european-castle_1f3f0.png
wedding,https://emojipedia-us.s3.dualstack.us-west-1.amazonaws.com/thumbs/72/mozilla/36/wedding_1f492.png
tokyo_tower,https://emojipedia-us.s3.dualstack.us-west-1.amazonaws.com/thumbs/72/mozilla/36/tokyo-tower_1f5fc.png
statue_of_liberty,https://emojipedia-us.s3.dualstack.us-west-1.amazonaws.com/thumbs/72/mozilla/36/statue-of-liberty_1f5fd.png
church,https://emojipedia-us.s3.dualstack.us-west-1.amazonaws.com/thumbs/72/mozilla/36/church_26ea.png
fountain,https://emojipedia-us.s3.dualstack.us-west-1.amazonaws.com/thumbs/72/mozilla/36/fountain_26f2.png
tent,https://emojipedia-us.s3.dualstack.us-west-1.amazonaws.com/thumbs/72/mozilla/36/tent_26fa.png
foggy,https://emojipedia-us.s3.dualstack.us-west-1.amazonaws.com/thumbs/72/mozilla/36/foggy_1f301.png
night_with_stars,https://emojipedia-us.s3.dualstack.us-west-1.amazonaws.com/thumbs/72/mozilla/36/night-with-stars_1f303.png
sunrise_over_mountains,https://emojipedia-us.s3.dualstack.us-west-1.amazonaws.com/thumbs/72/mozilla/36/sunrise-over-mountains_1f304.png
sunrise,https://emojipedia-us.s3.dualstack.us-west-1.amazonaws.com/thumbs/72/mozilla/36/sunrise_1f305.png
cityscape_at_dusk,https://emojipedia-us.s3.dualstack.us-west-1.amazonaws.com/thumbs/72/mozilla/36/cityscape-at-dusk_1f306.png
sunset,https://emojipedia-us.s3.dualstack.us-west-1.amazonaws.com/thumbs/72/mozilla/36/sunset-over-buildings_1f307.png
bridge_at_night,https://emojipedia-us.s3.dualstack.us-west-1.amazonaws.com/thumbs/72/mozilla/36/bridge-at-night_1f309.png
hot_springs,https://emojipedia-us.s3.dualstack.us-west-1.amazonaws.com/thumbs/72/mozilla/36/hot-springs_2668.png
carousel_horse,https://emojipedia-us.s3.dualstack.us-west-1.amazonaws.com/thumbs/72/mozilla/36/carousel-horse_1f3a0.png
ferris_wheel,https://emojipedia-us.s3.dualstack.us-west-1.amazonaws.com/thumbs/72/mozilla/36/ferris-wheel_1f3a1.png
roller_coaster,https://emojipedia-us.s3.dualstack.us-west-1.amazonaws.com/thumbs/72/mozilla/36/roller-coaster_1f3a2.png
barber_pole,https://emojipedia-us.s3.dualstack.us-west-1.amazonaws.com/thumbs/72/mozilla/36/barber-pole_1f488.png
circus_tent,https://emojipedia-us.s3.dualstack.us-west-1.amazonaws.com/thumbs/72/mozilla/36/circus-tent_1f3aa.png
locomotive,https://emojipedia-us.s3.dualstack.us-west-1.amazonaws.com/thumbs/72/mozilla/36/steam-locomotive_1f682.png
railway_car,https://emojipedia-us.s3.dualstack.us-west-1.amazonaws.com/thumbs/72/mozilla/36/railway-car_1f683.png
high_speed_train,https://emojipedia-us.s3.dualstack.us-west-1.amazonaws.com/thumbs/72/mozilla/36/high-speed-train_1f684.png
bullet_train,https://emojipedia-us.s3.dualstack.us-west-1.amazonaws.com/thumbs/72/mozilla/36/high-speed-train-with-bullet-nose_1f685.png
train,https://emojipedia-us.s3.dualstack.us-west-1.amazonaws.com/thumbs/72/mozilla/36/train_1f686.png
metro,https://emojipedia-us.s3.dualstack.us-west-1.amazonaws.com/thumbs/72/mozilla/36/metro_1f687.png
light_rail,https://emojipedia-us.s3.dualstack.us-west-1.amazonaws.com/thumbs/72/mozilla/36/light-rail_1f688.png
station,https://emojipedia-us.s3.dualstack.us-west-1.amazonaws.com/thumbs/72/mozilla/36/station_1f689.png
tram,https://emojipedia-us.s3.dualstack.us-west-1.amazonaws.com/thumbs/72/mozilla/36/tram_1f68a.png
monorail,https://emojipedia-us.s3.dualstack.us-west-1.amazonaws.com/thumbs/72/mozilla/36/monorail_1f69d.png
mountain_railway,https://emojipedia-us.s3.dualstack.us-west-1.amazonaws.com/thumbs/72/mozilla/36/mountain-railway_1f69e.png
tram_car,https://emojipedia-us.s3.dualstack.us-west-1.amazonaws.com/thumbs/72/mozilla/36/tram-car_1f68b.png
bus,https://emojipedia-us.s3.dualstack.us-west-1.amazonaws.com/thumbs/72/mozilla/36/bus_1f68c.png
oncoming_bus,https://emojipedia-us.s3.dualstack.us-west-1.amazonaws.com/thumbs/72/mozilla/36/oncoming-bus_1f68d.png
trolleybus,https://emojipedia-us.s3.dualstack.us-west-1.amazonaws.com/thumbs/72/mozilla/36/trolleybus_1f68e.png
minibus,https://emojipedia-us.s3.dualstack.us-west-1.amazonaws.com/thumbs/72/mozilla/36/minibus_1f690.png
ambulance,https://emojipedia-us.s3.dualstack.us-west-1.amazonaws.com/thumbs/72/mozilla/36/ambulance_1f691.png
fire_engine,https://emojipedia-us.s3.dualstack.us-west-1.amazonaws.com/thumbs/72/mozilla/36/fire-engine_1f692.png
police_car,https://emojipedia-us.s3.dualstack.us-west-1.amazonaws.com/thumbs/72/mozilla/36/police-car_1f693.png
oncoming_police_car,https://emojipedia-us.s3.dualstack.us-west-1.amazonaws.com/thumbs/72/mozilla/36/oncoming-police-car_1f694.png
taxi,https://emojipedia-us.s3.dualstack.us-west-1.amazonaws.com/thumbs/72/mozilla/36/taxi_1f695.png
oncoming_taxi,https://emojipedia-us.s3.dualstack.us-west-1.amazonaws.com/thumbs/72/mozilla/36/oncoming-taxi_1f696.png
automobile,https://emojipedia-us.s3.dualstack.us-west-1.amazonaws.com/thumbs/72/mozilla/36/automobile_1f697.png
oncoming_automobile,https://emojipedia-us.s3.dualstack.us-west-1.amazonaws.com/thumbs/72/mozilla/36/oncoming-automobile_1f698.png
sport_utility_vehicle,https://emojipedia-us.s3.dualstack.us-west-1.amazonaws.com/thumbs/72/mozilla/36/recreational-vehicle_1f699.png
delivery_truck,https://emojipedia-us.s3.dualstack.us-west-1.amazonaws.com/thumbs/72/mozilla/36/delivery-truck_1f69a.png
articulated_lorry,https://emojipedia-us.s3.dualstack.us-west-1.amazonaws.com/thumbs/72/mozilla/36/articulated-lorry_1f69b.png
tractor,https://emojipedia-us.s3.dualstack.us-west-1.amazonaws.com/thumbs/72/mozilla/36/tractor_1f69c.png
bicycle,https://emojipedia-us.s3.dualstack.us-west-1.amazonaws.com/thumbs/72/mozilla/36/bicycle_1f6b2.png
bus_stop,https://emojipedia-us.s3.dualstack.us-west-1.amazonaws.com/thumbs/72/mozilla/36/bus-stop_1f68f.png
fuel_pump,https://emojipedia-us.s3.dualstack.us-west-1.amazonaws.com/thumbs/72/mozilla/36/fuel-pump_26fd.png
police_car_light,https://emojipedia-us.s3.dualstack.us-west-1.amazonaws.com/thumbs/72/mozilla/36/police-cars-revolving-light_1f6a8.png
horizontal_traffic_light,https://emojipedia-us.s3.dualstack.us-west-1.amazonaws.com/thumbs/72/mozilla/36/horizontal-traffic-light_1f6a5.png
vertical_traffic_light,https://emojipedia-us.s3.dualstack.us-west-1.amazonaws.com/thumbs/72/mozilla/36/vertical-traffic-light_1f6a6.png
construction,https://emojipedia-us.s3.dualstack.us-west-1.amazonaws.com/thumbs/72/mozilla/36/construction-sign_1f6a7.png
anchor,https://emojipedia-us.s3.dualstack.us-west-1.amazonaws.com/thumbs/72/mozilla/36/anchor_2693.png
sailboat,https://emojipedia-us.s3.dualstack.us-west-1.amazonaws.com/thumbs/72/mozilla/36/sailboat_26f5.png
speedboat,https://emojipedia-us.s3.dualstack.us-west-1.amazonaws.com/thumbs/72/mozilla/36/speedboat_1f6a4.png
ship,https://emojipedia-us.s3.dualstack.us-west-1.amazonaws.com/thumbs/72/mozilla/36/ship_1f6a2.png
airplane,https://emojipedia-us.s3.dualstack.us-west-1.amazonaws.com/thumbs/72/mozilla/36/airplane_2708.png
seat,https://emojipedia-us.s3.dualstack.us-west-1.amazonaws.com/thumbs/72/mozilla/36/seat_1f4ba.png
helicopter,https://emojipedia-us.s3.dualstack.us-west-1.amazonaws.com/thumbs/72/mozilla/36/helicopter_1f681.png
suspension_railway,https://emojipedia-us.s3.dualstack.us-west-1.amazonaws.com/thumbs/72/mozilla/36/suspension-railway_1f69f.png
mountain_cableway,https://emojipedia-us.s3.dualstack.us-west-1.amazonaws.com/thumbs/72/mozilla/36/mountain-cableway_1f6a0.png
aerial_tramway,https://emojipedia-us.s3.dualstack.us-west-1.amazonaws.com/thumbs/72/mozilla/36/aerial-tramway_1f6a1.png
rocket,https://emojipedia-us.s3.dualstack.us-west-1.amazonaws.com/thumbs/72/mozilla/36/rocket_1f680.png
hourglass_done,https://emojipedia-us.s3.dualstack.us-west-1.amazonaws.com/thumbs/72/mozilla/36/hourglass_231b.png
hourglass_not_done,https://emojipedia-us.s3.dualstack.us-west-1.amazonaws.com/thumbs/72/mozilla/36/hourglass-with-flowing-sand_23f3.png
watch,https://emojipedia-us.s3.dualstack.us-west-1.amazonaws.com/thumbs/72/mozilla/36/watch_231a.png
alarm_clock,https://emojipedia-us.s3.dualstack.us-west-1.amazonaws.com/thumbs/72/mozilla/36/alarm-clock_23f0.png
twelve_oclock,https://emojipedia-us.s3.dualstack.us-west-1.amazonaws.com/thumbs/72/mozilla/36/clock-face-twelve-oclock_1f55b.png
twelve_thirty,https://emojipedia-us.s3.dualstack.us-west-1.amazonaws.com/thumbs/72/mozilla/36/clock-face-twelve-thirty_1f567.png
one_oclock,https://emojipedia-us.s3.dualstack.us-west-1.amazonaws.com/thumbs/72/mozilla/36/clock-face-one-oclock_1f550.png
one_thirty,https://emojipedia-us.s3.dualstack.us-west-1.amazonaws.com/thumbs/72/mozilla/36/clock-face-one-thirty_1f55c.png
two_oclock,https://emojipedia-us.s3.dualstack.us-west-1.amazonaws.com/thumbs/72/mozilla/36/clock-face-two-oclock_1f551.png
two_thirty,https://emojipedia-us.s3.dualstack.us-west-1.amazonaws.com/thumbs/72/mozilla/36/clock-face-two-thirty_1f55d.png
three_oclock,https://emojipedia-us.s3.dualstack.us-west-1.amazonaws.com/thumbs/72/mozilla/36/clock-face-three-oclock_1f552.png
three_thirty,https://emojipedia-us.s3.dualstack.us-west-1.amazonaws.com/thumbs/72/mozilla/36/clock-face-three-thirty_1f55e.png
four_oclock,https://emojipedia-us.s3.dualstack.us-west-1.amazonaws.com/thumbs/72/mozilla/36/clock-face-four-oclock_1f553.png
four_thirty,https://emojipedia-us.s3.dualstack.us-west-1.amazonaws.com/thumbs/72/mozilla/36/clock-face-four-thirty_1f55f.png
five_thirty,https://emojipedia-us.s3.dualstack.us-west-1.amazonaws.com/thumbs/72/mozilla/36/clock-face-five-thirty_1f560.png
six_oclock,https://emojipedia-us.s3.dualstack.us-west-1.amazonaws.com/thumbs/72/mozilla/36/clock-face-six-oclock_1f555.png
six_thirty,https://emojipedia-us.s3.dualstack.us-west-1.amazonaws.com/thumbs/72/mozilla/36/clock-face-six-thirty_1f561.png
seven_oclock,https://emojipedia-us.s3.dualstack.us-west-1.amazonaws.com/thumbs/72/mozilla/36/clock-face-seven-oclock_1f556.png
new_moon,https://emojipedia-us.s3.dualstack.us-west-1.amazonaws.com/thumbs/72/mozilla/36/new-moon-symbol_1f311.png
waxing_crescent_moon,https://emojipedia-us.s3.dualstack.us-west-1.amazonaws.com/thumbs/72/mozilla/36/waxing-crescent-moon-symbol_1f312.png
first_quarter_moon,https://emojipedia-us.s3.dualstack.us-west-1.amazonaws.com/thumbs/72/mozilla/36/first-quarter-moon-symbol_1f313.png
waxing_gibbous_moon,https://emojipedia-us.s3.dualstack.us-west-1.amazonaws.com/thumbs/72/mozilla/36/waxing-gibbous-moon-symbol_1f314.png
full_moon,https://emojipedia-us.s3.dualstack.us-west-1.amazonaws.com/thumbs/72/mozilla/36/full-moon-symbol_1f315.png
waning_gibbous_moon,https://emojipedia-us.s3.dualstack.us-west-1.amazonaws.com/thumbs/72/mozilla/36/waning-gibbous-moon-symbol_1f316.png
last_quarter_moon,https://emojipedia-us.s3.dualstack.us-west-1.amazonaws.com/thumbs/72/mozilla/36/last-quarter-moon-symbol_1f317.png
waning_crescent_moon,https://emojipedia-us.s3.dualstack.us-west-1.amazonaws.com/thumbs/72/mozilla/36/waning-crescent-moon-symbol_1f318.png
crescent_moon,https://emojipedia-us.s3.dualstack.us-west-1.amazonaws.com/thumbs/72/mozilla/36/crescent-moon_1f319.png
new_moon_face,https://emojipedia-us.s3.dualstack.us-west-1.amazonaws.com/thumbs/72/mozilla/36/new-moon-with-face_1f31a.png
first_quarter_moon_face,https://emojipedia-us.s3.dualstack.us-west-1.amazonaws.com/thumbs/72/mozilla/36/first-quarter-moon-with-face_1f31b.png
last_quarter_moon_face,https://emojipedia-us.s3.dualstack.us-west-1.amazonaws.com/thumbs/72/mozilla/36/last-quarter-moon-with-face_1f31c.png
sun,https://emojipedia-us.s3.dualstack.us-west-1.amazonaws.com/thumbs/72/mozilla/36/black-sun-with-rays_2600.png
full_moon_face,https://emojipedia-us.s3.dualstack.us-west-1.amazonaws.com/thumbs/72/mozilla/36/full-moon-with-face_1f31d.png
sun_with_face,https://emojipedia-us.s3.dualstack.us-west-1.amazonaws.com/thumbs/72/mozilla/36/sun-with-face_1f31e.png
star,https://emojipedia-us.s3.dualstack.us-west-1.amazonaws.com/thumbs/72/mozilla/36/white-medium-star_2b50.png
glowing_star,https://emojipedia-us.s3.dualstack.us-west-1.amazonaws.com/thumbs/72/mozilla/36/glowing-star_1f31f.png
shooting_star,https://emojipedia-us.s3.dualstack.us-west-1.amazonaws.com/thumbs/72/mozilla/36/shooting-star_1f320.png
milky_way,https://emojipedia-us.s3.dualstack.us-west-1.amazonaws.com/thumbs/72/mozilla/36/milky-way_1f30c.png
cloud,https://emojipedia-us.s3.dualstack.us-west-1.amazonaws.com/thumbs/72/mozilla/36/cloud_2601.png
sun_behind_cloud,https://emojipedia-us.s3.dualstack.us-west-1.amazonaws.com/thumbs/72/mozilla/36/sun-behind-cloud_26c5.png
cyclone,https://emojipedia-us.s3.dualstack.us-west-1.amazonaws.com/thumbs/72/mozilla/36/cyclone_1f300.png
rainbow,https://emojipedia-us.s3.dualstack.us-west-1.amazonaws.com/thumbs/72/mozilla/36/rainbow_1f308.png
closed_umbrella,https://emojipedia-us.s3.dualstack.us-west-1.amazonaws.com/thumbs/72/mozilla/36/closed-umbrella_1f302.png
umbrella_with_rain_drops,https://emojipedia-us.s3.dualstack.us-west-1.amazonaws.com/thumbs/72/mozilla/36/umbrella-with-rain-drops_2614.png
high_voltage,https://emojipedia-us.s3.dualstack.us-west-1.amazonaws.com/thumbs/72/mozilla/36/high-voltage-sign_26a1.png
snowflake,https://emojipedia-us.s3.dualstack.us-west-1.amazonaws.com/thumbs/72/mozilla/36/snowflake_2744.png
snowman_without_snow,https://emojipedia-us.s3.dualstack.us-west-1.amazonaws.com/thumbs/72/mozilla/36/snowman-without-snow_26c4.png
fire,https://emojipedia-us.s3.dualstack.us-west-1.amazonaws.com/thumbs/72/mozilla/36/fire_1f525.png
droplet,https://emojipedia-us.s3.dualstack.us-west-1.amazonaws.com/thumbs/72/mozilla/36/droplet_1f4a7.png
water_wave,https://emojipedia-us.s3.dualstack.us-west-1.amazonaws.com/thumbs/72/mozilla/36/water-wave_1f30a.png
jack_o_lantern,https://emojipedia-us.s3.dualstack.us-west-1.amazonaws.com/thumbs/72/mozilla/36/jack-o-lantern_1f383.png
christmas_tree,https://emojipedia-us.s3.dualstack.us-west-1.amazonaws.com/thumbs/72/mozilla/36/christmas-tree_1f384.png
fireworks,https://emojipedia-us.s3.dualstack.us-west-1.amazonaws.com/thumbs/72/mozilla/36/fireworks_1f386.png
sparkler,https://emojipedia-us.s3.dualstack.us-west-1.amazonaws.com/thumbs/72/mozilla/36/firework-sparkler_1f387.png
sparkles,https://emojipedia-us.s3.dualstack.us-west-1.amazonaws.com/thumbs/72/mozilla/36/sparkles_2728.png
balloon,https://emojipedia-us.s3.dualstack.us-west-1.amazonaws.com/thumbs/72/mozilla/36/balloon_1f388.png
party_popper,https://emojipedia-us.s3.dualstack.us-west-1.amazonaws.com/thumbs/72/mozilla/36/party-popper_1f389.png
confetti_ball,https://emojipedia-us.s3.dualstack.us-west-1.amazonaws.com/thumbs/72/mozilla/36/confetti-ball_1f38a.png
tanabata_tree,https://emojipedia-us.s3.dualstack.us-west-1.amazonaws.com/thumbs/72/mozilla/36/tanabata-tree_1f38b.png
pine_decoration,https://emojipedia-us.s3.dualstack.us-west-1.amazonaws.com/thumbs/72/mozilla/36/pine-decoration_1f38d.png
japanese_dolls,https://emojipedia-us.s3.dualstack.us-west-1.amazonaws.com/thumbs/72/mozilla/36/japanese-dolls_1f38e.png
carp_streamer,https://emojipedia-us.s3.dualstack.us-west-1.amazonaws.com/thumbs/72/mozilla/36/carp-streamer_1f38f.png
wind_chime,https://emojipedia-us.s3.dualstack.us-west-1.amazonaws.com/thumbs/72/mozilla/36/wind-chime_1f390.png
moon_viewing_ceremony,https://emojipedia-us.s3.dualstack.us-west-1.amazonaws.com/thumbs/72/mozilla/36/moon-viewing-ceremony_1f391.png
ribbon,https://emojipedia-us.s3.dualstack.us-west-1.amazonaws.com/thumbs/72/mozilla/36/ribbon_1f380.png
wrapped_gift,https://emojipedia-us.s3.dualstack.us-west-1.amazonaws.com/thumbs/72/mozilla/36/wrapped-present_1f381.png
ticket,https://emojipedia-us.s3.dualstack.us-west-1.amazonaws.com/thumbs/72/mozilla/36/ticket_1f3ab.png
trophy,https://emojipedia-us.s3.dualstack.us-west-1.amazonaws.com/thumbs/72/mozilla/36/trophy_1f3c6.png
soccer_ball,https://emojipedia-us.s3.dualstack.us-west-1.amazonaws.com/thumbs/72/mozilla/36/soccer-ball_26bd.png
baseball,https://emojipedia-us.s3.dualstack.us-west-1.amazonaws.com/thumbs/72/mozilla/36/baseball_26be.png
basketball,https://emojipedia-us.s3.dualstack.us-west-1.amazonaws.com/thumbs/72/mozilla/36/basketball-and-hoop_1f3c0.png
american_football,https://emojipedia-us.s3.dualstack.us-west-1.amazonaws.com/thumbs/72/mozilla/36/american-football_1f3c8.png
rugby_football,https://emojipedia-us.s3.dualstack.us-west-1.amazonaws.com/thumbs/72/mozilla/36/rugby-football_1f3c9.png
tennis,https://emojipedia-us.s3.dualstack.us-west-1.amazonaws.com/thumbs/72/mozilla/36/tennis-racquet-and-ball_1f3be.png
bowling,https://emojipedia-us.s3.dualstack.us-west-1.amazonaws.com/thumbs/72/mozilla/36/bowling_1f3b3.png
flag_in_hole,https://emojipedia-us.s3.dualstack.us-west-1.amazonaws.com/thumbs/72/mozilla/36/flag-in-hole_26f3.png
fishing_pole,https://emojipedia-us.s3.dualstack.us-west-1.amazonaws.com/thumbs/72/mozilla/36/fishing-pole-and-fish_1f3a3.png
running_shirt,https://emojipedia-us.s3.dualstack.us-west-1.amazonaws.com/thumbs/72/mozilla/36/running-shirt-with-sash_1f3bd.png
skis,https://emojipedia-us.s3.dualstack.us-west-1.amazonaws.com/thumbs/72/mozilla/36/ski-and-ski-boot_1f3bf.png
bullseye,https://emojipedia-us.s3.dualstack.us-west-1.amazonaws.com/thumbs/72/mozilla/36/direct-hit_1f3af.png
pool_8_ball,https://emojipedia-us.s3.dualstack.us-west-1.amazonaws.com/thumbs/72/mozilla/36/billiards_1f3b1.png
crystal_ball,https://emojipedia-us.s3.dualstack.us-west-1.amazonaws.com/thumbs/72/mozilla/36/crystal-ball_1f52e.png
video_game,https://emojipedia-us.s3.dualstack.us-west-1.amazonaws.com/thumbs/72/mozilla/36/video-game_1f3ae.png
slot_machine,https://emojipedia-us.s3.dualstack.us-west-1.amazonaws.com/thumbs/72/mozilla/36/slot-machine_1f3b0.png
game_die,https://emojipedia-us.s3.dualstack.us-west-1.amazonaws.com/thumbs/72/mozilla/36/game-die_1f3b2.png
spade_suit,https://emojipedia-us.s3.dualstack.us-west-1.amazonaws.com/thumbs/72/mozilla/36/black-spade-suit_2660.png
heart_suit,https://emojipedia-us.s3.dualstack.us-west-1.amazonaws.com/thumbs/72/mozilla/36/black-heart-suit_2665.png
diamond_suit,https://emojipedia-us.s3.dualstack.us-west-1.amazonaws.com/thumbs/72/mozilla/36/black-diamond-suit_2666.png
club_suit,https://emojipedia-us.s3.dualstack.us-west-1.amazonaws.com/thumbs/72/mozilla/36/black-club-suit_2663.png
joker,https://emojipedia-us.s3.dualstack.us-west-1.amazonaws.com/thumbs/72/mozilla/36/playing-card-black-joker_1f0cf.png
mahjong_red_dragon,https://emojipedia-us.s3.dualstack.us-west-1.amazonaws.com/thumbs/72/mozilla/36/mahjong-tile-red-dragon_1f004.png
flower_playing_cards,https://emojipedia-us.s3.dualstack.us-west-1.amazonaws.com/thumbs/72/mozilla/36/flower-playing-cards_1f3b4.png
performing_arts,https://emojipedia-us.s3.dualstack.us-west-1.amazonaws.com/thumbs/72/mozilla/36/performing-arts_1f3ad.png
artist_palette,https://emojipedia-us.s3.dualstack.us-west-1.amazonaws.com/thumbs/72/mozilla/36/artist-palette_1f3a8.png
glasses,https://emojipedia-us.s3.dualstack.us-west-1.amazonaws.com/thumbs/72/mozilla/36/eyeglasses_1f453.png
necktie,https://emojipedia-us.s3.dualstack.us-west-1.amazonaws.com/thumbs/72/mozilla/36/necktie_1f454.png
t_shirt,https://emojipedia-us.s3.dualstack.us-west-1.amazonaws.com/thumbs/72/mozilla/36/t-shirt_1f455.png
jeans,https://emojipedia-us.s3.dualstack.us-west-1.amazonaws.com/thumbs/72/mozilla/36/jeans_1f456.png
dress,https://emojipedia-us.s3.dualstack.us-west-1.amazonaws.com/thumbs/72/mozilla/36/dress_1f457.png
kimono,https://emojipedia-us.s3.dualstack.us-west-1.amazonaws.com/thumbs/72/mozilla/36/kimono_1f458.png
bikini,https://emojipedia-us.s3.dualstack.us-west-1.amazonaws.com/thumbs/72/mozilla/36/bikini_1f459.png
womans_clothes,https://emojipedia-us.s3.dualstack.us-west-1.amazonaws.com/thumbs/72/mozilla/36/womans-clothes_1f45a.png
purse,https://emojipedia-us.s3.dualstack.us-west-1.amazonaws.com/thumbs/72/mozilla/36/purse_1f45b.png
handbag,https://emojipedia-us.s3.dualstack.us-west-1.amazonaws.com/thumbs/72/mozilla/36/handbag_1f45c.png
clutch_bag,https://emojipedia-us.s3.dualstack.us-west-1.amazonaws.com/thumbs/72/mozilla/36/pouch_1f45d.png
backpack,https://emojipedia-us.s3.dualstack.us-west-1.amazonaws.com/thumbs/72/mozilla/36/school-satchel_1f392.png
mans_shoe,https://emojipedia-us.s3.dualstack.us-west-1.amazonaws.com/thumbs/72/mozilla/36/mans-shoe_1f45e.png
running_shoe,https://emojipedia-us.s3.dualstack.us-west-1.amazonaws.com/thumbs/72/mozilla/36/athletic-shoe_1f45f.png
high_heeled_shoe,https://emojipedia-us.s3.dualstack.us-west-1.amazonaws.com/thumbs/72/mozilla/36/high-heeled-shoe_1f460.png
womans_sandal,https://emojipedia-us.s3.dualstack.us-west-1.amazonaws.com/thumbs/72/mozilla/36/womans-sandal_1f461.png
womans_boot,https://emojipedia-us.s3.dualstack.us-west-1.amazonaws.com/thumbs/72/mozilla/36/womans-boots_1f462.png
crown,https://emojipedia-us.s3.dualstack.us-west-1.amazonaws.com/thumbs/72/mozilla/36/crown_1f451.png
womans_hat,https://emojipedia-us.s3.dualstack.us-west-1.amazonaws.com/thumbs/72/mozilla/36/womans-hat_1f452.png
top_hat,https://emojipedia-us.s3.dualstack.us-west-1.amazonaws.com/thumbs/72/mozilla/36/top-hat_1f3a9.png
graduation_cap,https://emojipedia-us.s3.dualstack.us-west-1.amazonaws.com/thumbs/72/mozilla/36/graduation-cap_1f393.png
lipstick,https://emojipedia-us.s3.dualstack.us-west-1.amazonaws.com/thumbs/72/mozilla/36/lipstick_1f484.png
ring,https://emojipedia-us.s3.dualstack.us-west-1.amazonaws.com/thumbs/72/mozilla/36/ring_1f48d.png
gem_stone,https://emojipedia-us.s3.dualstack.us-west-1.amazonaws.com/thumbs/72/mozilla/36/gem-stone_1f48e.png
muted_speaker,https://emojipedia-us.s3.dualstack.us-west-1.amazonaws.com/thumbs/72/mozilla/36/speaker-with-cancellation-stroke_1f507.png
speaker_low_volume,https://emojipedia-us.s3.dualstack.us-west-1.amazonaws.com/thumbs/72/mozilla/36/speaker_1f508.png
speaker_medium_volume,https://emojipedia-us.s3.dualstack.us-west-1.amazonaws.com/thumbs/72/mozilla/36/speaker-with-one-sound-wave_1f509.png
speaker_high_volume,https://emojipedia-us.s3.dualstack.us-west-1.amazonaws.com/thumbs/72/mozilla/36/speaker-with-three-sound-waves_1f50a.png
loudspeaker,https://emojipedia-us.s3.dualstack.us-west-1.amazonaws.com/thumbs/72/mozilla/36/public-address-loudspeaker_1f4e2.png
megaphone,https://emojipedia-us.s3.dualstack.us-west-1.amazonaws.com/thumbs/72/mozilla/36/cheering-megaphone_1f4e3.png
postal_horn,https://emojipedia-us.s3.dualstack.us-west-1.amazonaws.com/thumbs/72/mozilla/36/postal-horn_1f4ef.png
bell,https://emojipedia-us.s3.dualstack.us-west-1.amazonaws.com/thumbs/72/mozilla/36/bell_1f514.png
bell_with_slash,https://emojipedia-us.s3.dualstack.us-west-1.amazonaws.com/thumbs/72/mozilla/36/bell-with-cancellation-stroke_1f515.png
musical_score,https://emojipedia-us.s3.dualstack.us-west-1.amazonaws.com/thumbs/72/mozilla/36/musical-score_1f3bc.png
musical_note,https://emojipedia-us.s3.dualstack.us-west-1.amazonaws.com/thumbs/72/mozilla/36/musical-note_1f3b5.png
musical_notes,https://emojipedia-us.s3.dualstack.us-west-1.amazonaws.com/thumbs/72/mozilla/36/multiple-musical-notes_1f3b6.png
microphone,https://emojipedia-us.s3.dualstack.us-west-1.amazonaws.com/thumbs/72/mozilla/36/microphone_1f3a4.png
headphone,https://emojipedia-us.s3.dualstack.us-west-1.amazonaws.com/thumbs/72/mozilla/36/headphone_1f3a7.png
radio,https://emojipedia-us.s3.dualstack.us-west-1.amazonaws.com/thumbs/72/mozilla/36/radio_1f4fb.png
saxophone,https://emojipedia-us.s3.dualstack.us-west-1.amazonaws.com/thumbs/72/mozilla/36/saxophone_1f3b7.png
guitar,https://emojipedia-us.s3.dualstack.us-west-1.amazonaws.com/thumbs/72/mozilla/36/guitar_1f3b8.png
musical_keyboard,https://emojipedia-us.s3.dualstack.us-west-1.amazonaws.com/thumbs/72/mozilla/36/musical-keyboard_1f3b9.png
trumpet,https://emojipedia-us.s3.dualstack.us-west-1.amazonaws.com/thumbs/72/mozilla/36/trumpet_1f3ba.png
violin,https://emojipedia-us.s3.dualstack.us-west-1.amazonaws.com/thumbs/72/mozilla/36/violin_1f3bb.png
mobile_phone,https://emojipedia-us.s3.dualstack.us-west-1.amazonaws.com/thumbs/72/mozilla/36/mobile-phone_1f4f1.png
mobile_phone_with_arrow,https://emojipedia-us.s3.dualstack.us-west-1.amazonaws.com/thumbs/72/mozilla/36/mobile-phone-with-rightwards-arrow-at-left_1f4f2.png
telephone,https://emojipedia-us.s3.dualstack.us-west-1.amazonaws.com/thumbs/72/mozilla/36/black-telephone_260e.png
telephone_receiver,https://emojipedia-us.s3.dualstack.us-west-1.amazonaws.com/thumbs/72/mozilla/36/telephone-receiver_1f4de.png
pager,https://emojipedia-us.s3.dualstack.us-west-1.amazonaws.com/thumbs/72/mozilla/36/pager_1f4df.png
fax_machine,https://emojipedia-us.s3.dualstack.us-west-1.amazonaws.com/thumbs/72/mozilla/36/fax-machine_1f4e0.png
battery,https://emojipedia-us.s3.dualstack.us-west-1.amazonaws.com/thumbs/72/mozilla/36/battery_1f50b.png
electric_plug,https://emojipedia-us.s3.dualstack.us-west-1.amazonaws.com/thumbs/72/mozilla/36/electric-plug_1f50c.png
laptop,https://emojipedia-us.s3.dualstack.us-west-1.amazonaws.com/thumbs/72/mozilla/36/personal-computer_1f4bb.png
computer_disk,https://emojipedia-us.s3.dualstack.us-west-1.amazonaws.com/thumbs/72/mozilla/36/minidisc_1f4bd.png
floppy_disk,https://emojipedia-us.s3.dualstack.us-west-1.amazonaws.com/thumbs/72/mozilla/36/floppy-disk_1f4be.png
optical_disk,https://emojipedia-us.s3.dualstack.us-west-1.amazonaws.com/thumbs/72/mozilla/36/optical-disc_1f4bf.png
dvd,https://emojipedia-us.s3.dualstack.us-west-1.amazonaws.com/thumbs/72/mozilla/36/dvd_1f4c0.png
movie_camera,https://emojipedia-us.s3.dualstack.us-west-1.amazonaws.com/thumbs/72/mozilla/36/movie-camera_1f3a5.png
clapper_board,https://emojipedia-us.s3.dualstack.us-west-1.amazonaws.com/thumbs/72/mozilla/36/clapper-board_1f3ac.png
television,https://emojipedia-us.s3.dualstack.us-west-1.amazonaws.com/thumbs/72/mozilla/36/television_1f4fa.png
camera,https://emojipedia-us.s3.dualstack.us-west-1.amazonaws.com/thumbs/72/mozilla/36/camera_1f4f7.png
video_camera,https://emojipedia-us.s3.dualstack.us-west-1.amazonaws.com/thumbs/72/mozilla/36/video-camera_1f4f9.png
videocassette,https://emojipedia-us.s3.dualstack.us-west-1.amazonaws.com/thumbs/72/mozilla/36/videocassette_1f4fc.png
magnifying_glass_tilted_left,https://emojipedia-us.s3.dualstack.us-west-1.amazonaws.com/thumbs/72/mozilla/36/left-pointing-magnifying-glass_1f50d.png
magnifying_glass_tilted_right,https://emojipedia-us.s3.dualstack.us-west-1.amazonaws.com/thumbs/72/mozilla/36/right-pointing-magnifying-glass_1f50e.png
light_bulb,https://emojipedia-us.s3.dualstack.us-west-1.amazonaws.com/thumbs/72/mozilla/36/electric-light-bulb_1f4a1.png
flashlight,https://emojipedia-us.s3.dualstack.us-west-1.amazonaws.com/thumbs/72/mozilla/36/electric-torch_1f526.png
red_paper_lantern,https://emojipedia-us.s3.dualstack.us-west-1.amazonaws.com/thumbs/72/mozilla/36/izakaya-lantern_1f3ee.png
notebook_with_decorative_cover,https://emojipedia-us.s3.dualstack.us-west-1.amazonaws.com/thumbs/72/mozilla/36/notebook-with-decorative-cover_1f4d4.png
closed_book,https://emojipedia-us.s3.dualstack.us-west-1.amazonaws.com/thumbs/72/mozilla/36/closed-book_1f4d5.png
open_book,https://emojipedia-us.s3.dualstack.us-west-1.amazonaws.com/thumbs/72/mozilla/36/open-book_1f4d6.png
green_book,https://emojipedia-us.s3.dualstack.us-west-1.amazonaws.com/thumbs/72/mozilla/36/green-book_1f4d7.png
blue_book,https://emojipedia-us.s3.dualstack.us-west-1.amazonaws.com/thumbs/72/mozilla/36/blue-book_1f4d8.png
orange_book,https://emojipedia-us.s3.dualstack.us-west-1.amazonaws.com/thumbs/72/mozilla/36/orange-book_1f4d9.png
books,https://emojipedia-us.s3.dualstack.us-west-1.amazonaws.com/thumbs/72/mozilla/36/books_1f4da.png
notebook,https://emojipedia-us.s3.dualstack.us-west-1.amazonaws.com/thumbs/72/mozilla/36/notebook_1f4d3.png
ledger,https://emojipedia-us.s3.dualstack.us-west-1.amazonaws.com/thumbs/72/mozilla/36/ledger_1f4d2.png
page_with_curl,https://emojipedia-us.s3.dualstack.us-west-1.amazonaws.com/thumbs/72/mozilla/36/page-with-curl_1f4c3.png
scroll,https://emojipedia-us.s3.dualstack.us-west-1.amazonaws.com/thumbs/72/mozilla/36/scroll_1f4dc.png
page_facing_up,https://emojipedia-us.s3.dualstack.us-west-1.amazonaws.com/thumbs/72/mozilla/36/page-facing-up_1f4c4.png
newspaper,https://emojipedia-us.s3.dualstack.us-west-1.amazonaws.com/thumbs/72/mozilla/36/newspaper_1f4f0.png
bookmark_tabs,https://emojipedia-us.s3.dualstack.us-west-1.amazonaws.com/thumbs/72/mozilla/36/bookmark-tabs_1f4d1.png
bookmark,https://emojipedia-us.s3.dualstack.us-west-1.amazonaws.com/thumbs/72/mozilla/36/bookmark_1f516.png
money_bag,https://emojipedia-us.s3.dualstack.us-west-1.amazonaws.com/thumbs/72/mozilla/36/money-bag_1f4b0.png
yen_banknote,https://emojipedia-us.s3.dualstack.us-west-1.amazonaws.com/thumbs/72/mozilla/36/banknote-with-yen-sign_1f4b4.png
dollar_banknote,https://emojipedia-us.s3.dualstack.us-west-1.amazonaws.com/thumbs/72/mozilla/36/banknote-with-dollar-sign_1f4b5.png
euro_banknote,https://emojipedia-us.s3.dualstack.us-west-1.amazonaws.com/thumbs/72/mozilla/36/banknote-with-euro-sign_1f4b6.png
pound_banknote,https://emojipedia-us.s3.dualstack.us-west-1.amazonaws.com/thumbs/72/mozilla/36/banknote-with-pound-sign_1f4b7.png
money_with_wings,https://emojipedia-us.s3.dualstack.us-west-1.amazonaws.com/thumbs/72/mozilla/36/money-with-wings_1f4b8.png
credit_card,https://emojipedia-us.s3.dualstack.us-west-1.amazonaws.com/thumbs/72/mozilla/36/credit-card_1f4b3.png
chart_increasing_with_yen,https://emojipedia-us.s3.dualstack.us-west-1.amazonaws.com/thumbs/72/mozilla/36/chart-with-upwards-trend-and-yen-sign_1f4b9.png
envelope,https://emojipedia-us.s3.dualstack.us-west-1.amazonaws.com/thumbs/72/mozilla/36/envelope_2709.png
e_mail,https://emojipedia-us.s3.dualstack.us-west-1.amazonaws.com/thumbs/72/mozilla/36/e-mail-symbol_1f4e7.png
incoming_envelope,https://emojipedia-us.s3.dualstack.us-west-1.amazonaws.com/thumbs/72/mozilla/36/incoming-envelope_1f4e8.png
envelope_with_arrow,https://emojipedia-us.s3.dualstack.us-west-1.amazonaws.com/thumbs/72/mozilla/36/envelope-with-downwards-arrow-above_1f4e9.png
outbox_tray,https://emojipedia-us.s3.dualstack.us-west-1.amazonaws.com/thumbs/72/mozilla/36/outbox-tray_1f4e4.png
inbox_tray,https://emojipedia-us.s3.dualstack.us-west-1.amazonaws.com/thumbs/72/mozilla/36/inbox-tray_1f4e5.png
package,https://emojipedia-us.s3.dualstack.us-west-1.amazonaws.com/thumbs/72/mozilla/36/package_1f4e6.png
closed_mailbox_with_raised_flag,https://emojipedia-us.s3.dualstack.us-west-1.amazonaws.com/thumbs/72/mozilla/36/closed-mailbox-with-raised-flag_1f4eb.png
closed_mailbox_with_lowered_flag,https://emojipedia-us.s3.dualstack.us-west-1.amazonaws.com/thumbs/72/mozilla/36/closed-mailbox-with-lowered-flag_1f4ea.png
open_mailbox_with_raised_flag,https://emojipedia-us.s3.dualstack.us-west-1.amazonaws.com/thumbs/72/mozilla/36/open-mailbox-with-raised-flag_1f4ec.png
open_mailbox_with_lowered_flag,https://emojipedia-us.s3.dualstack.us-west-1.amazonaws.com/thumbs/72/mozilla/36/open-mailbox-with-lowered-flag_1f4ed.png
postbox,https://emojipedia-us.s3.dualstack.us-west-1.amazonaws.com/thumbs/72/mozilla/36/postbox_1f4ee.png
pencil,https://emojipedia-us.s3.dualstack.us-west-1.amazonaws.com/thumbs/72/mozilla/36/pencil_270f.png
black_nib,https://emojipedia-us.s3.dualstack.us-west-1.amazonaws.com/thumbs/72/mozilla/36/black-nib_2712.png
memo,https://emojipedia-us.s3.dualstack.us-west-1.amazonaws.com/thumbs/72/mozilla/36/memo_1f4dd.png
briefcase,https://emojipedia-us.s3.dualstack.us-west-1.amazonaws.com/thumbs/72/mozilla/36/briefcase_1f4bc.png
file_folder,https://emojipedia-us.s3.dualstack.us-west-1.amazonaws.com/thumbs/72/mozilla/36/file-folder_1f4c1.png
open_file_folder,https://emojipedia-us.s3.dualstack.us-west-1.amazonaws.com/thumbs/72/mozilla/36/open-file-folder_1f4c2.png
calendar,https://emojipedia-us.s3.dualstack.us-west-1.amazonaws.com/thumbs/72/mozilla/36/calendar_1f4c5.png
tear_off_calendar,https://emojipedia-us.s3.dualstack.us-west-1.amazonaws.com/thumbs/72/mozilla/36/tear-off-calendar_1f4c6.png
card_index,https://emojipedia-us.s3.dualstack.us-west-1.amazonaws.com/thumbs/72/mozilla/36/card-index_1f4c7.png
chart_increasing,https://emojipedia-us.s3.dualstack.us-west-1.amazonaws.com/thumbs/72/mozilla/36/chart-with-upwards-trend_1f4c8.png
chart_decreasing,https://emojipedia-us.s3.dualstack.us-west-1.amazonaws.com/thumbs/72/mozilla/36/chart-with-downwards-trend_1f4c9.png
bar_chart,https://emojipedia-us.s3.dualstack.us-west-1.amazonaws.com/thumbs/72/mozilla/36/bar-chart_1f4ca.png
clipboard,https://emojipedia-us.s3.dualstack.us-west-1.amazonaws.com/thumbs/72/mozilla/36/clipboard_1f4cb.png
pushpin,https://emojipedia-us.s3.dualstack.us-west-1.amazonaws.com/thumbs/72/mozilla/36/pushpin_1f4cc.png
round_pushpin,https://emojipedia-us.s3.dualstack.us-west-1.amazonaws.com/thumbs/72/mozilla/36/round-pushpin_1f4cd.png
paperclip,https://emojipedia-us.s3.dualstack.us-west-1.amazonaws.com/thumbs/72/mozilla/36/paperclip_1f4ce.png
straight_ruler,https://emojipedia-us.s3.dualstack.us-west-1.amazonaws.com/thumbs/72/mozilla/36/straight-ruler_1f4cf.png
triangular_ruler,https://emojipedia-us.s3.dualstack.us-west-1.amazonaws.com/thumbs/72/mozilla/36/triangular-ruler_1f4d0.png
scissors,https://emojipedia-us.s3.dualstack.us-west-1.amazonaws.com/thumbs/72/mozilla/36/black-scissors_2702.png
locked,https://emojipedia-us.s3.dualstack.us-west-1.amazonaws.com/thumbs/72/mozilla/36/lock_1f512.png
unlocked,https://emojipedia-us.s3.dualstack.us-west-1.amazonaws.com/thumbs/72/mozilla/36/open-lock_1f513.png
locked_with_pen,https://emojipedia-us.s3.dualstack.us-west-1.amazonaws.com/thumbs/72/mozilla/36/lock-with-ink-pen_1f50f.png
locked_with_key,https://emojipedia-us.s3.dualstack.us-west-1.amazonaws.com/thumbs/72/mozilla/36/closed-lock-with-key_1f510.png
key,https://emojipedia-us.s3.dualstack.us-west-1.amazonaws.com/thumbs/72/mozilla/36/key_1f511.png
hammer,https://emojipedia-us.s3.dualstack.us-west-1.amazonaws.com/thumbs/72/mozilla/36/hammer_1f528.png
water_pistol,https://emojipedia-us.s3.dualstack.us-west-1.amazonaws.com/thumbs/72/mozilla/36/pistol_1f52b.png
wrench,https://emojipedia-us.s3.dualstack.us-west-1.amazonaws.com/thumbs/72/mozilla/36/wrench_1f527.png
nut_and_bolt,https://emojipedia-us.s3.dualstack.us-west-1.amazonaws.com/thumbs/72/mozilla/36/nut-and-bolt_1f529.png
link,https://emojipedia-us.s3.dualstack.us-west-1.amazonaws.com/thumbs/72/mozilla/36/link-symbol_1f517.png
microscope,https://emojipedia-us.s3.dualstack.us-west-1.amazonaws.com/thumbs/72/mozilla/36/microscope_1f52c.png
telescope,https://emojipedia-us.s3.dualstack.us-west-1.amazonaws.com/thumbs/72/mozilla/36/telescope_1f52d.png
satellite_antenna,https://emojipedia-us.s3.dualstack.us-west-1.amazonaws.com/thumbs/72/mozilla/36/satellite-antenna_1f4e1.png
syringe,https://emojipedia-us.s3.dualstack.us-west-1.amazonaws.com/thumbs/72/mozilla/36/syringe_1f489.png
pill,https://emojipedia-us.s3.dualstack.us-west-1.amazonaws.com/thumbs/72/mozilla/36/pill_1f48a.png
door,https://emojipedia-us.s3.dualstack.us-west-1.amazonaws.com/thumbs/72/mozilla/36/door_1f6aa.png
toilet,https://emojipedia-us.s3.dualstack.us-west-1.amazonaws.com/thumbs/72/mozilla/36/toilet_1f6bd.png
shower,https://emojipedia-us.s3.dualstack.us-west-1.amazonaws.com/thumbs/72/mozilla/36/shower_1f6bf.png
bathtub,https://emojipedia-us.s3.dualstack.us-west-1.amazonaws.com/thumbs/72/mozilla/36/bathtub_1f6c1.png
cigarette,https://emojipedia-us.s3.dualstack.us-west-1.amazonaws.com/thumbs/72/mozilla/36/smoking-symbol_1f6ac.png
moai,https://emojipedia-us.s3.dualstack.us-west-1.amazonaws.com/thumbs/72/mozilla/36/moyai_1f5ff.png
atm_sign,https://emojipedia-us.s3.dualstack.us-west-1.amazonaws.com/thumbs/72/mozilla/36/automated-teller-machine_1f3e7.png
litter_in_bin_sign,https://emojipedia-us.s3.dualstack.us-west-1.amazonaws.com/thumbs/72/mozilla/36/put-litter-in-its-place-symbol_1f6ae.png
potable_water,https://emojipedia-us.s3.dualstack.us-west-1.amazonaws.com/thumbs/72/mozilla/36/potable-water-symbol_1f6b0.png
wheelchair_symbol,https://emojipedia-us.s3.dualstack.us-west-1.amazonaws.com/thumbs/72/mozilla/36/wheelchair-symbol_267f.png
mens_room,https://emojipedia-us.s3.dualstack.us-west-1.amazonaws.com/thumbs/72/mozilla/36/mens-symbol_1f6b9.png
womens_room,https://emojipedia-us.s3.dualstack.us-west-1.amazonaws.com/thumbs/72/mozilla/36/womens-symbol_1f6ba.png
restroom,https://emojipedia-us.s3.dualstack.us-west-1.amazonaws.com/thumbs/72/mozilla/36/restroom_1f6bb.png
baby_symbol,https://emojipedia-us.s3.dualstack.us-west-1.amazonaws.com/thumbs/72/mozilla/36/baby-symbol_1f6bc.png
water_closet,https://emojipedia-us.s3.dualstack.us-west-1.amazonaws.com/thumbs/72/mozilla/36/water-closet_1f6be.png
passport_control,https://emojipedia-us.s3.dualstack.us-west-1.amazonaws.com/thumbs/72/mozilla/36/passport-control_1f6c2.png
customs,https://emojipedia-us.s3.dualstack.us-west-1.amazonaws.com/thumbs/72/mozilla/36/customs_1f6c3.png
baggage_claim,https://emojipedia-us.s3.dualstack.us-west-1.amazonaws.com/thumbs/72/mozilla/36/baggage-claim_1f6c4.png
left_luggage,https://emojipedia-us.s3.dualstack.us-west-1.amazonaws.com/thumbs/72/mozilla/36/left-luggage_1f6c5.png
warning,https://emojipedia-us.s3.dualstack.us-west-1.amazonaws.com/thumbs/72/mozilla/36/warning-sign_26a0.png
children_crossing,https://emojipedia-us.s3.dualstack.us-west-1.amazonaws.com/thumbs/72/mozilla/36/children-crossing_1f6b8.png
no_entry,https://emojipedia-us.s3.dualstack.us-west-1.amazonaws.com/thumbs/72/mozilla/36/no-entry_26d4.png
prohibited,https://emojipedia-us.s3.dualstack.us-west-1.amazonaws.com/thumbs/72/mozilla/36/no-entry-sign_1f6ab.png
no_bicycles,https://emojipedia-us.s3.dualstack.us-west-1.amazonaws.com/thumbs/72/mozilla/36/no-bicycles_1f6b3.png
no_smoking,https://emojipedia-us.s3.dualstack.us-west-1.amazonaws.com/thumbs/72/mozilla/36/no-smoking-symbol_1f6ad.png
no_littering,https://emojipedia-us.s3.dualstack.us-west-1.amazonaws.com/thumbs/72/mozilla/36/do-not-litter-symbol_1f6af.png
non_potable_water,https://emojipedia-us.s3.dualstack.us-west-1.amazonaws.com/thumbs/72/mozilla/36/non-potable-water-symbol_1f6b1.png
no_pedestrians,https://emojipedia-us.s3.dualstack.us-west-1.amazonaws.com/thumbs/72/mozilla/36/no-pedestrians_1f6b7.png
no_mobile_phones,https://emojipedia-us.s3.dualstack.us-west-1.amazonaws.com/thumbs/72/mozilla/36/no-mobile-phones_1f4f5.png
no_one_under_eighteen,https://emojipedia-us.s3.dualstack.us-west-1.amazonaws.com/thumbs/72/mozilla/36/no-one-under-eighteen-symbol_1f51e.png
up_right_arrow,https://emojipedia-us.s3.dualstack.us-west-1.amazonaws.com/thumbs/72/mozilla/36/north-east-arrow_2197.png
right_arrow,https://emojipedia-us.s3.dualstack.us-west-1.amazonaws.com/thumbs/72/mozilla/36/black-rightwards-arrow_27a1.png
down_right_arrow,https://emojipedia-us.s3.dualstack.us-west-1.amazonaws.com/thumbs/72/mozilla/36/south-east-arrow_2198.png
left_arrow,https://emojipedia-us.s3.dualstack.us-west-1.amazonaws.com/thumbs/72/mozilla/36/leftwards-black-arrow_2b05.png
up_left_arrow,https://emojipedia-us.s3.dualstack.us-west-1.amazonaws.com/thumbs/72/mozilla/36/north-west-arrow_2196.png
up_down_arrow,https://emojipedia-us.s3.dualstack.us-west-1.amazonaws.com/thumbs/72/mozilla/36/up-down-arrow_2195.png
left_right_arrow,https://emojipedia-us.s3.dualstack.us-west-1.amazonaws.com/thumbs/72/mozilla/36/left-right-arrow_2194.png
right_arrow_curving_left,https://emojipedia-us.s3.dualstack.us-west-1.amazonaws.com/thumbs/72/mozilla/36/leftwards-arrow-with-hook_21a9.png
left_arrow_curving_right,https://emojipedia-us.s3.dualstack.us-west-1.amazonaws.com/thumbs/72/mozilla/36/rightwards-arrow-with-hook_21aa.png
right_arrow_curving_up,https://emojipedia-us.s3.dualstack.us-west-1.amazonaws.com/thumbs/72/mozilla/36/arrow-pointing-rightwards-then-curving-upwards_2934.png
right_arrow_curving_down,https://emojipedia-us.s3.dualstack.us-west-1.amazonaws.com/thumbs/72/mozilla/36/arrow-pointing-rightwards-then-curving-downwards_2935.png
clockwise_vertical_arrows,https://emojipedia-us.s3.dualstack.us-west-1.amazonaws.com/thumbs/72/mozilla/36/clockwise-downwards-and-upwards-open-circle-arrows_1f503.png
counterclockwise_arrows_button,https://emojipedia-us.s3.dualstack.us-west-1.amazonaws.com/thumbs/72/mozilla/36/anticlockwise-downwards-and-upwards-open-circle-arrows_1f504.png
back_arrow,https://emojipedia-us.s3.dualstack.us-west-1.amazonaws.com/thumbs/72/mozilla/36/back-with-leftwards-arrow-above_1f519.png
end_arrow,https://emojipedia-us.s3.dualstack.us-west-1.amazonaws.com/thumbs/72/mozilla/36/end-with-leftwards-arrow-above_1f51a.png
on_arrow,https://emojipedia-us.s3.dualstack.us-west-1.amazonaws.com/thumbs/72/mozilla/36/on-with-exclamation-mark-with-left-right-arrow-above_1f51b.png
soon_arrow,https://emojipedia-us.s3.dualstack.us-west-1.amazonaws.com/thumbs/72/mozilla/36/soon-with-rightwards-arrow-above_1f51c.png
top_arrow,https://emojipedia-us.s3.dualstack.us-west-1.amazonaws.com/thumbs/72/mozilla/36/top-with-upwards-arrow-above_1f51d.png
dotted_six_pointed_star,https://emojipedia-us.s3.dualstack.us-west-1.amazonaws.com/thumbs/72/mozilla/36/six-pointed-star-with-middle-dot_1f52f.png
aries,https://emojipedia-us.s3.dualstack.us-west-1.amazonaws.com/thumbs/72/mozilla/36/aries_2648.png
taurus,https://emojipedia-us.s3.dualstack.us-west-1.amazonaws.com/thumbs/72/mozilla/36/taurus_2649.png
gemini,https://emojipedia-us.s3.dualstack.us-west-1.amazonaws.com/thumbs/72/mozilla/36/gemini_264a.png
cancer,https://emojipedia-us.s3.dualstack.us-west-1.amazonaws.com/thumbs/72/mozilla/36/cancer_264b.png
leo,https://emojipedia-us.s3.dualstack.us-west-1.amazonaws.com/thumbs/72/mozilla/36/leo_264c.png
virgo,https://emojipedia-us.s3.dualstack.us-west-1.amazonaws.com/thumbs/72/mozilla/36/virgo_264d.png
libra,https://emojipedia-us.s3.dualstack.us-west-1.amazonaws.com/thumbs/72/mozilla/36/libra_264e.png
scorpio,https://emojipedia-us.s3.dualstack.us-west-1.amazonaws.com/thumbs/72/mozilla/36/scorpius_264f.png
sagittarius,https://emojipedia-us.s3.dualstack.us-west-1.amazonaws.com/thumbs/72/mozilla/36/sagittarius_2650.png
capricorn,https://emojipedia-us.s3.dualstack.us-west-1.amazonaws.com/thumbs/72/mozilla/36/capricorn_2651.png
aquarius,https://emojipedia-us.s3.dualstack.us-west-1.amazonaws.com/thumbs/72/mozilla/36/aquarius_2652.png
pisces,https://emojipedia-us.s3.dualstack.us-west-1.amazonaws.com/thumbs/72/mozilla/36/pisces_2653.png
ophiuchus,https://emojipedia-us.s3.dualstack.us-west-1.amazonaws.com/thumbs/72/mozilla/36/ophiuchus_26ce.png
shuffle_tracks_button,https://emojipedia-us.s3.dualstack.us-west-1.amazonaws.com/thumbs/72/mozilla/36/twisted-rightwards-arrows_1f500.png
repeat_button,https://emojipedia-us.s3.dualstack.us-west-1.amazonaws.com/thumbs/72/mozilla/36/clockwise-rightwards-and-leftwards-open-circle-arrows_1f501.png
repeat_single_button,https://emojipedia-us.s3.dualstack.us-west-1.amazonaws.com/thumbs/72/mozilla/36/clockwise-rightwards-and-leftwards-open-circle-arrows-with-circled-one-overlay_1f502.png
play_button,https://emojipedia-us.s3.dualstack.us-west-1.amazonaws.com/thumbs/72/mozilla/36/black-right-pointing-triangle_25b6.png
fast_forward_button,https://emojipedia-us.s3.dualstack.us-west-1.amazonaws.com/thumbs/72/mozilla/36/black-right-pointing-double-triangle_23e9.png
reverse_button,https://emojipedia-us.s3.dualstack.us-west-1.amazonaws.com/thumbs/72/mozilla/36/black-left-pointing-triangle_25c0.png
fast_reverse_button,https://emojipedia-us.s3.dualstack.us-west-1.amazonaws.com/thumbs/72/mozilla/36/black-left-pointing-double-triangle_23ea.png
upwards_button,https://emojipedia-us.s3.dualstack.us-west-1.amazonaws.com/thumbs/72/mozilla/36/up-pointing-small-red-triangle_1f53c.png
fast_up_button,https://emojipedia-us.s3.dualstack.us-west-1.amazonaws.com/thumbs/72/mozilla/36/black-up-pointing-double-triangle_23eb.png
downwards_button,https://emojipedia-us.s3.dualstack.us-west-1.amazonaws.com/thumbs/72/mozilla/36/down-pointing-small-red-triangle_1f53d.png
fast_down_button,https://emojipedia-us.s3.dualstack.us-west-1.amazonaws.com/thumbs/72/mozilla/36/black-down-pointing-double-triangle_23ec.png
cinema,https://emojipedia-us.s3.dualstack.us-west-1.amazonaws.com/thumbs/72/mozilla/36/cinema_1f3a6.png
dim_button,https://emojipedia-us.s3.dualstack.us-west-1.amazonaws.com/thumbs/72/mozilla/36/low-brightness-symbol_1f505.png
bright_button,https://emojipedia-us.s3.dualstack.us-west-1.amazonaws.com/thumbs/72/mozilla/36/high-brightness-symbol_1f506.png
antenna_bars,https://emojipedia-us.s3.dualstack.us-west-1.amazonaws.com/thumbs/72/mozilla/36/antenna-with-bars_1f4f6.png
vibration_mode,https://emojipedia-us.s3.dualstack.us-west-1.amazonaws.com/thumbs/72/mozilla/36/vibration-mode_1f4f3.png
mobile_phone_off,https://emojipedia-us.s3.dualstack.us-west-1.amazonaws.com/thumbs/72/mozilla/36/mobile-phone-off_1f4f4.png
multiply,https://emojipedia-us.s3.dualstack.us-west-1.amazonaws.com/thumbs/72/mozilla/36/heavy-multiplication-x_2716.png
plus,https://emojipedia-us.s3.dualstack.us-west-1.amazonaws.com/thumbs/72/mozilla/36/heavy-plus-sign_2795.png
minus,https://emojipedia-us.s3.dualstack.us-west-1.amazonaws.com/thumbs/72/mozilla/36/heavy-minus-sign_2796.png
divide,https://emojipedia-us.s3.dualstack.us-west-1.amazonaws.com/thumbs/72/mozilla/36/heavy-division-sign_2797.png
double_exclamation_mark,https://emojipedia-us.s3.dualstack.us-west-1.amazonaws.com/thumbs/72/mozilla/36/double-exclamation-mark_203c.png
exclamation_question_mark,https://emojipedia-us.s3.dualstack.us-west-1.amazonaws.com/thumbs/72/mozilla/36/exclamation-question-mark_2049.png
red_question_mark,https://emojipedia-us.s3.dualstack.us-west-1.amazonaws.com/thumbs/72/mozilla/36/black-question-mark-ornament_2753.png
white_question_mark,https://emojipedia-us.s3.dualstack.us-west-1.amazonaws.com/thumbs/72/mozilla/36/white-question-mark-ornament_2754.png
white_exclamation_mark,https://emojipedia-us.s3.dualstack.us-west-1.amazonaws.com/thumbs/72/mozilla/36/white-exclamation-mark-ornament_2755.png
red_exclamation_mark,https://emojipedia-us.s3.dualstack.us-west-1.amazonaws.com/thumbs/72/mozilla/36/heavy-exclamation-mark-symbol_2757.png
wavy_dash,https://emojipedia-us.s3.dualstack.us-west-1.amazonaws.com/thumbs/72/mozilla/36/wavy-dash_3030.png
currency_exchange,https://emojipedia-us.s3.dualstack.us-west-1.amazonaws.com/thumbs/72/mozilla/36/currency-exchange_1f4b1.png
heavy_dollar_sign,https://emojipedia-us.s3.dualstack.us-west-1.amazonaws.com/thumbs/72/mozilla/36/heavy-dollar-sign_1f4b2.png
recycling_symbol,https://emojipedia-us.s3.dualstack.us-west-1.amazonaws.com/thumbs/72/mozilla/36/black-universal-recycling-symbol_267b.png
trident_emblem,https://emojipedia-us.s3.dualstack.us-west-1.amazonaws.com/thumbs/72/mozilla/36/trident-emblem_1f531.png
name_badge,https://emojipedia-us.s3.dualstack.us-west-1.amazonaws.com/thumbs/72/mozilla/36/name-badge_1f4db.png
japanese_symbol_for_beginner,https://emojipedia-us.s3.dualstack.us-west-1.amazonaws.com/thumbs/72/mozilla/36/japanese-symbol-for-beginner_1f530.png
hollow_red_circle,https://emojipedia-us.s3.dualstack.us-west-1.amazonaws.com/thumbs/72/mozilla/36/heavy-large-circle_2b55.png
check_mark_button,https://emojipedia-us.s3.dualstack.us-west-1.amazonaws.com/thumbs/72/mozilla/36/white-heavy-check-mark_2705.png
check_box_with_check,https://emojipedia-us.s3.dualstack.us-west-1.amazonaws.com/thumbs/72/mozilla/36/ballot-box-with-check_2611.png
check_mark,https://emojipedia-us.s3.dualstack.us-west-1.amazonaws.com/thumbs/72/mozilla/36/heavy-check-mark_2714.png
cross_mark,https://emojipedia-us.s3.dualstack.us-west-1.amazonaws.com/thumbs/72/mozilla/36/cross-mark_274c.png
cross_mark_button,https://emojipedia-us.s3.dualstack.us-west-1.amazonaws.com/thumbs/72/mozilla/36/negative-squared-cross-mark_274e.png
curly_loop,https://emojipedia-us.s3.dualstack.us-west-1.amazonaws.com/thumbs/72/mozilla/36/curly-loop_27b0.png
double_curly_loop,https://emojipedia-us.s3.dualstack.us-west-1.amazonaws.com/thumbs/72/mozilla/36/double-curly-loop_27bf.png
part_alternation_mark,https://emojipedia-us.s3.dualstack.us-west-1.amazonaws.com/thumbs/72/mozilla/36/part-alternation-mark_303d.png
eight_spoked_asterisk,https://emojipedia-us.s3.dualstack.us-west-1.amazonaws.com/thumbs/72/mozilla/36/eight-spoked-asterisk_2733.png
eight_pointed_star,https://emojipedia-us.s3.dualstack.us-west-1.amazonaws.com/thumbs/72/mozilla/36/eight-pointed-black-star_2734.png
copyright,https://emojipedia-us.s3.dualstack.us-west-1.amazonaws.com/thumbs/72/mozilla/36/copyright-sign_a9.png
trade_mark,https://emojipedia-us.s3.dualstack.us-west-1.amazonaws.com/thumbs/72/mozilla/36/trade-mark-sign_2122.png
keycap_10,https://emojipedia-us.s3.dualstack.us-west-1.amazonaws.com/thumbs/72/mozilla/36/keycap-ten_1f51f.png
input_latin_uppercase,https://emojipedia-us.s3.dualstack.us-west-1.amazonaws.com/thumbs/72/mozilla/36/input-symbol-for-latin-capital-letters_1f520.png
input_latin_lowercase,https://emojipedia-us.s3.dualstack.us-west-1.amazonaws.com/thumbs/72/mozilla/36/input-symbol-for-latin-small-letters_1f521.png
input_numbers,https://emojipedia-us.s3.dualstack.us-west-1.amazonaws.com/thumbs/72/mozilla/36/input-symbol-for-numbers_1f522.png
input_symbols,https://emojipedia-us.s3.dualstack.us-west-1.amazonaws.com/thumbs/72/mozilla/36/input-symbol-for-symbols_1f523.png
input_latin_letters,https://emojipedia-us.s3.dualstack.us-west-1.amazonaws.com/thumbs/72/mozilla/36/input-symbol-for-latin-letters_1f524.png
a_button_blood_type,https://emojipedia-us.s3.dualstack.us-west-1.amazonaws.com/thumbs/72/mozilla/36/negative-squared-latin-capital-letter-a_1f170.png
ab_button_blood_type,https://emojipedia-us.s3.dualstack.us-west-1.amazonaws.com/thumbs/72/mozilla/36/negative-squared-ab_1f18e.png
b_button_blood_type,https://emojipedia-us.s3.dualstack.us-west-1.amazonaws.com/thumbs/72/mozilla/36/negative-squared-latin-capital-letter-b_1f171.png
cl_button,https://emojipedia-us.s3.dualstack.us-west-1.amazonaws.com/thumbs/72/mozilla/36/squared-cl_1f191.png
cool_button,https://emojipedia-us.s3.dualstack.us-west-1.amazonaws.com/thumbs/72/mozilla/36/squared-cool_1f192.png
free_button,https://emojipedia-us.s3.dualstack.us-west-1.amazonaws.com/thumbs/72/mozilla/36/squared-free_1f193.png
information,https://emojipedia-us.s3.dualstack.us-west-1.amazonaws.com/thumbs/72/mozilla/36/information-source_2139.png
id_button,https://emojipedia-us.s3.dualstack.us-west-1.amazonaws.com/thumbs/72/mozilla/36/squared-id_1f194.png
circled_m,https://emojipedia-us.s3.dualstack.us-west-1.amazonaws.com/thumbs/72/mozilla/36/circled-latin-capital-letter-m_24c2.png
new_button,https://emojipedia-us.s3.dualstack.us-west-1.amazonaws.com/thumbs/72/mozilla/36/squared-new_1f195.png
ng_button,https://emojipedia-us.s3.dualstack.us-west-1.amazonaws.com/thumbs/72/mozilla/36/squared-ng_1f196.png
o_button_blood_type,https://emojipedia-us.s3.dualstack.us-west-1.amazonaws.com/thumbs/72/mozilla/36/negative-squared-latin-capital-letter-o_1f17e.png
ok_button,https://emojipedia-us.s3.dualstack.us-west-1.amazonaws.com/thumbs/72/mozilla/36/squared-ok_1f197.png
p_button,https://emojipedia-us.s3.dualstack.us-west-1.amazonaws.com/thumbs/72/mozilla/36/negative-squared-latin-capital-letter-p_1f17f.png
sos_button,https://emojipedia-us.s3.dualstack.us-west-1.amazonaws.com/thumbs/72/mozilla/36/squared-sos_1f198.png
up_button,https://emojipedia-us.s3.dualstack.us-west-1.amazonaws.com/thumbs/72/mozilla/36/squared-up-with-exclamation-mark_1f199.png
vs_button,https://emojipedia-us.s3.dualstack.us-west-1.amazonaws.com/thumbs/72/mozilla/36/squared-vs_1f19a.png
japanese_here_button,https://emojipedia-us.s3.dualstack.us-west-1.amazonaws.com/thumbs/72/mozilla/36/squared-katakana-koko_1f201.png
japanese_service_charge_button,https://emojipedia-us.s3.dualstack.us-west-1.amazonaws.com/thumbs/72/mozilla/36/squared-katakana-sa_1f202.png
japanese_monthly_amount_button,https://emojipedia-us.s3.dualstack.us-west-1.amazonaws.com/thumbs/72/mozilla/36/squared-cjk-unified-ideograph-6708_1f237.png
japanese_not_free_of_charge_button,https://emojipedia-us.s3.dualstack.us-west-1.amazonaws.com/thumbs/72/mozilla/36/squared-cjk-unified-ideograph-6709_1f236.png
japanese_reserved_button,https://emojipedia-us.s3.dualstack.us-west-1.amazonaws.com/thumbs/72/mozilla/36/squared-cjk-unified-ideograph-6307_1f22f.png
japanese_bargain_button,https://emojipedia-us.s3.dualstack.us-west-1.amazonaws.com/thumbs/72/mozilla/36/circled-ideograph-advantage_1f250.png
japanese_discount_button,https://emojipedia-us.s3.dualstack.us-west-1.amazonaws.com/thumbs/72/mozilla/36/squared-cjk-unified-ideograph-5272_1f239.png
japanese_free_of_charge_button,https://emojipedia-us.s3.dualstack.us-west-1.amazonaws.com/thumbs/72/mozilla/36/squared-cjk-unified-ideograph-7121_1f21a.png
japanese_prohibited_button,https://emojipedia-us.s3.dualstack.us-west-1.amazonaws.com/thumbs/72/mozilla/36/squared-cjk-unified-ideograph-7981_1f232.png
japanese_acceptable_button,https://emojipedia-us.s3.dualstack.us-west-1.amazonaws.com/thumbs/72/mozilla/36/circled-ideograph-accept_1f251.png
japanese_application_button,https://emojipedia-us.s3.dualstack.us-west-1.amazonaws.com/thumbs/72/mozilla/36/squared-cjk-unified-ideograph-7533_1f238.png
japanese_passing_grade_button,https://emojipedia-us.s3.dualstack.us-west-1.amazonaws.com/thumbs/72/mozilla/36/squared-cjk-unified-ideograph-5408_1f234.png
japanese_vacancy_button,https://emojipedia-us.s3.dualstack.us-west-1.amazonaws.com/thumbs/72/mozilla/36/squared-cjk-unified-ideograph-7a7a_1f233.png
japanese_congratulations_button,https://emojipedia-us.s3.dualstack.us-west-1.amazonaws.com/thumbs/72/mozilla/36/circled-ideograph-congratulation_3297.png
japanese_secret_button,https://emojipedia-us.s3.dualstack.us-west-1.amazonaws.com/thumbs/72/mozilla/36/circled-ideograph-secret_3299.png
japanese_open_for_business_button,https://emojipedia-us.s3.dualstack.us-west-1.amazonaws.com/thumbs/72/mozilla/36/squared-cjk-unified-ideograph-55b6_1f23a.png
japanese_no_vacancy_button,https://emojipedia-us.s3.dualstack.us-west-1.amazonaws.com/thumbs/72/mozilla/36/squared-cjk-unified-ideograph-6e80_1f235.png
red_circle,https://emojipedia-us.s3.dualstack.us-west-1.amazonaws.com/thumbs/72/mozilla/36/large-red-circle_1f534.png
blue_circle,https://emojipedia-us.s3.dualstack.us-west-1.amazonaws.com/thumbs/72/mozilla/36/large-blue-circle_1f535.png
black_circle,https://emojipedia-us.s3.dualstack.us-west-1.amazonaws.com/thumbs/72/mozilla/36/medium-black-circle_26ab.png
white_circle,https://emojipedia-us.s3.dualstack.us-west-1.amazonaws.com/thumbs/72/mozilla/36/medium-white-circle_26aa.png
black_large_square,https://emojipedia-us.s3.dualstack.us-west-1.amazonaws.com/thumbs/72/mozilla/36/black-large-square_2b1b.png
white_large_square,https://emojipedia-us.s3.dualstack.us-west-1.amazonaws.com/thumbs/72/mozilla/36/white-large-square_2b1c.png
black_medium_square,https://emojipedia-us.s3.dualstack.us-west-1.amazonaws.com/thumbs/72/mozilla/36/black-medium-square_25fc.png
white_medium_square,https://emojipedia-us.s3.dualstack.us-west-1.amazonaws.com/thumbs/72/mozilla/36/white-medium-square_25fb.png
black_medium_small_square,https://emojipedia-us.s3.dualstack.us-west-1.amazonaws.com/thumbs/72/mozilla/36/black-medium-small-square_25fe.png
white_medium_small_square,https://emojipedia-us.s3.dualstack.us-west-1.amazonaws.com/thumbs/72/mozilla/36/white-medium-small-square_25fd.png
black_small_square,https://emojipedia-us.s3.dualstack.us-west-1.amazonaws.com/thumbs/72/mozilla/36/black-small-square_25aa.png
white_small_square,https://emojipedia-us.s3.dualstack.us-west-1.amazonaws.com/thumbs/72/mozilla/36/white-small-square_25ab.png
large_orange_diamond,https://emojipedia-us.s3.dualstack.us-west-1.amazonaws.com/thumbs/72/mozilla/36/large-orange-diamond_1f536.png
large_blue_diamond,https://emojipedia-us.s3.dualstack.us-west-1.amazonaws.com/thumbs/72/mozilla/36/large-blue-diamond_1f537.png
small_orange_diamond,https://emojipedia-us.s3.dualstack.us-west-1.amazonaws.com/thumbs/72/mozilla/36/small-orange-diamond_1f538.png
small_blue_diamond,https://emojipedia-us.s3.dualstack.us-west-1.amazonaws.com/thumbs/72/mozilla/36/small-blue-diamond_1f539.png
red_triangle_pointed_up,https://emojipedia-us.s3.dualstack.us-west-1.amazonaws.com/thumbs/72/mozilla/36/up-pointing-red-triangle_1f53a.png
red_triangle_pointed_down,https://emojipedia-us.s3.dualstack.us-west-1.amazonaws.com/thumbs/72/mozilla/36/down-pointing-red-triangle_1f53b.png
diamond_with_a_dot,https://emojipedia-us.s3.dualstack.us-west-1.amazonaws.com/thumbs/72/mozilla/36/diamond-shape-with-a-dot-inside_1f4a0.png
radio_button,https://emojipedia-us.s3.dualstack.us-west-1.amazonaws.com/thumbs/72/mozilla/36/radio-button_1f518.png
white_square_button,https://emojipedia-us.s3.dualstack.us-west-1.amazonaws.com/thumbs/72/mozilla/36/white-square-button_1f533.png
black_square_button,https://emojipedia-us.s3.dualstack.us-west-1.amazonaws.com/thumbs/72/mozilla/36/black-square-button_1f532.png
triangular_flag,https://emojipedia-us.s3.dualstack.us-west-1.amazonaws.com/thumbs/72/mozilla/36/triangular-flag-on-post_1f6a9.png
crossed_flags,https://emojipedia-us.s3.dualstack.us-west-1.amazonaws.com/thumbs/72/mozilla/36/crossed-flags_1f38c.png
flag_china,https://emojipedia-us.s3.dualstack.us-west-1.amazonaws.com/thumbs/72/mozilla/36/flag-for-china_1f1e8-1f1f3.png
flag_spain,https://emojipedia-us.s3.dualstack.us-west-1.amazonaws.com/thumbs/72/mozilla/36/flag-for-spain_1f1ea-1f1f8.png
flag_france,https://emojipedia-us.s3.dualstack.us-west-1.amazonaws.com/thumbs/72/mozilla/36/flag-for-france_1f1eb-1f1f7.png
flag_united_kingdom,https://emojipedia-us.s3.dualstack.us-west-1.amazonaws.com/thumbs/72/mozilla/36/flag-for-united-kingdom_1f1ec-1f1e7.png
flag_italy,https://emojipedia-us.s3.dualstack.us-west-1.amazonaws.com/thumbs/72/mozilla/36/flag-for-italy_1f1ee-1f1f9.png
flag_japan,https://emojipedia-us.s3.dualstack.us-west-1.amazonaws.com/thumbs/72/mozilla/36/flag-for-japan_1f1ef-1f1f5.png
flag_south_korea,https://emojipedia-us.s3.dualstack.us-west-1.amazonaws.com/thumbs/72/mozilla/36/flag-for-south-korea_1f1f0-1f1f7.png
flag_russia,https://emojipedia-us.s3.dualstack.us-west-1.amazonaws.com/thumbs/72/mozilla/36/flag-for-russia_1f1f7-1f1fa.png
flag_united_states,https://emojipedia-us.s3.dualstack.us-west-1.amazonaws.com/thumbs/72/mozilla/36/flag-for-united-states_1f1fa-1f1f8.png